Date,Name,Year,Letterboxd URI,Rating
2020-01-11,Slumdog Millionaire,2008,https://boxd.it/1S3E,4.5
2020-01-11,Thalapathi,1991,https://boxd.it/1mDg,4.5
2020-01-11,Agent Sai Srinivasa Athreya,2019,https://boxd.it/mygg,4.5
2020-01-11,(500) Days of Summer,2009,https://boxd.it/1EmM,4
2020-01-11,The Silence of the Lambs,1991,https://boxd.it/2aHW,4.5
2020-01-11,Terminator 2: Judgment Day,1991,https://boxd.it/2aGY,4
2020-01-11,Article 15,2019,https://boxd.it/m0mO,3.5
2020-01-11,Aladdin,1992,https://boxd.it/29yE,4
2020-01-11,Potion: Dark Matter,2019,https://boxd.it/nvHA,5
2020-01-11,Jo Jeeta Wohi Sikandar,1992,https://boxd.it/1fVM,4
2020-01-11,Silver Linings Playbook,2012,https://boxd.it/2TTo,4
2020-01-11,Anima,2019,https://boxd.it/mxuc,4.5
2020-01-11,Reservoir Dogs,1992,https://boxd.it/2agc,4.5
2020-01-11,Roja,1992,https://boxd.it/1BR8,4
2020-01-11,Groundhog Day,1993,https://boxd.it/2b3e,4.5
2020-01-11,Three Colours: Blue,1993,https://boxd.it/2b7K,4
2020-01-11,Andaz Apna Apna,1994,https://boxd.it/l4C,4
2020-01-11,Dumb and Dumber,1994,https://boxd.it/206m,3.5
2020-01-11,Forrest Gump,1994,https://boxd.it/728,4.5
2020-01-11,Immortal Beloved,1994,https://boxd.it/1PAU,3.5
2020-01-11,The Lion King,1994,https://boxd.it/201Q,4.5
2020-01-11,Léon: The Professional,1994,https://boxd.it/2b8S,4.5
2020-01-11,Pulp Fiction,1994,https://boxd.it/29Pq,4.5
2020-01-11,The Shawshank Redemption,1994,https://boxd.it/2aHi,4.5
2020-01-11,Bombay,1995,https://boxd.it/1ugk,4
2020-01-11,Braveheart,1995,https://boxd.it/2aTI,4.5
2020-01-11,Casino,1995,https://boxd.it/2ads,4.5
2020-01-11,Ghost in the Shell,1995,https://boxd.it/1YYc,4.5
2020-01-11,Se7en,1995,https://boxd.it/29zs,4.5
2020-01-11,Toy Story,1995,https://boxd.it/29qA,4.5
2020-01-11,Twelve Monkeys,1995,https://boxd.it/2beQ,4.5
2020-01-11,The Usual Suspects,1995,https://boxd.it/29XE,4.5
2020-01-11,Zombieland,2009,https://boxd.it/1En6,3.5
2020-01-11,Fargo,1996,https://boxd.it/2aHM,4.5
2020-01-11,Ghajini,2008,https://boxd.it/1OP0,3
2020-01-11,Trainspotting,1996,https://boxd.it/29XY,4.5
2020-01-11,In the Mood for Love,2000,https://boxd.it/29tE,4
2020-01-11,3 Idiots,2009,https://boxd.it/1Dsa,4.5
2020-01-11,Triangle,2009,https://boxd.it/1tQG,4
2020-01-11,The Big Lebowski,1998,https://boxd.it/2b6C,4
2020-01-11,Children of Heaven,1997,https://boxd.it/1C5k,4
2020-01-11,My Name Is Khan,2010,https://boxd.it/1uD4,4
2020-01-11,The Game,1997,https://boxd.it/26vC,4
2020-01-11,Good Will Hunting,1997,https://boxd.it/2ahY,4
2020-01-11,L.A. Confidential,1997,https://boxd.it/27oC,4.5
2020-01-11,Harry Potter and the Deathly Hallows: Part 2,2011,https://boxd.it/1RYk,4.5
2020-01-11,American History X,1998,https://boxd.it/2bdo,4.5
2020-01-11,The Green Mile,1999,https://boxd.it/2agG,4.5
2020-01-11,"Lock, Stock and Two Smoking Barrels",1998,https://boxd.it/2b92,4.5
2020-01-11,The Lord of the Rings: The Fellowship of the Ring,2001,https://boxd.it/2b5O,4.5
2020-01-11,Saving Private Ryan,1998,https://boxd.it/29ro,4.5
2020-01-11,Doctor Strange,2016,https://boxd.it/8MH8,3.5
2020-01-11,Rock On!!,2008,https://boxd.it/1EHK,2.5
2020-01-11,The Kid,1921,https://boxd.it/1X5U,4.5
2020-01-11,Presto,2008,https://boxd.it/1QYI,4
2020-01-11,Kick-Ass,2010,https://boxd.it/1zaQ,4
2020-01-11,Gulaal,2009,https://boxd.it/1BAw,4
2020-01-11,A Wednesday!,2008,https://boxd.it/1EFE,4
2020-01-11,Oye Lucky! Lucky Oye!,2008,https://boxd.it/1L62,4
2020-01-11,The Irishman,2019,https://boxd.it/dYOq,4.5
2020-01-11,Geri's Game,1997,https://boxd.it/1P6U,4
2020-01-11,New York,2009,https://boxd.it/1EOQ,3.5
2020-01-11,The Matrix,1999,https://boxd.it/2a1m,4.5
2020-01-11,The Great Gatsby,2013,https://boxd.it/JY,4
2020-01-11,The Dark Knight Rises,2012,https://boxd.it/H3m,4.5
2020-01-11,Fight Club,1999,https://boxd.it/2a9q,4.5
2020-01-11,Inception,2010,https://boxd.it/1skk,4.5
2020-01-11,The Hunger Games,2012,https://boxd.it/2uds,4
2020-01-11,Prisoners,2013,https://boxd.it/4E5i,4
2020-01-11,It,2017,https://boxd.it/bC8e,3.5
2020-01-11,American Psycho,2000,https://boxd.it/28Vs,3.5
2020-01-11,Gravity,2013,https://boxd.it/GZY,4
2020-01-11,Booksmart,2019,https://boxd.it/igNS,4
2020-01-11,The King's Speech,2010,https://boxd.it/dX0,4.5
2020-01-11,A Star Is Born,2018,https://boxd.it/aXgc,4
2020-01-11,Sherlock Jr.,1924,https://boxd.it/298m,4
2020-01-11,Following,1998,https://boxd.it/1Tj4,4.5
2020-01-11,Zindagi Na Milegi Dobara,2011,https://boxd.it/efo,4.5
2020-01-11,The Girl with the Dragon Tattoo,2011,https://boxd.it/2Pa,4
2020-01-11,Perfect Blue,1997,https://boxd.it/1W7A,4.5
2020-01-11,The Gold Rush,1925,https://boxd.it/29ce,4.5
2020-01-11,Midnight in Paris,2011,https://boxd.it/i4a,4.5
2020-01-11,Dabangg,2010,https://boxd.it/RZ6,3
2020-01-11,Paan Singh Tomar,2012,https://boxd.it/3l28,4
2020-01-11,Udaan,2010,https://boxd.it/PPe,4
2020-01-11,The Impossible,2012,https://boxd.it/2N9k,3.5
2020-01-11,The Perks of Being a Wallflower,2012,https://boxd.it/2ZA8,4
2020-01-11,Mulholland Drive,2001,https://boxd.it/297o,4.5
2020-01-11,The Sixth Sense,1999,https://boxd.it/29Js,4
2020-01-11,The Intouchables,2011,https://boxd.it/2FT0,4.5
2020-01-11,American Beauty,1999,https://boxd.it/71Y,4.5
2020-01-11,Ready,2011,https://boxd.it/2la,2.5
2020-01-11,Gladiator,2000,https://boxd.it/2b9m,4.5
2020-01-11,Bohemian Rhapsody,2018,https://boxd.it/f1TK,4.5
2020-01-11,Bodyguard,2011,https://boxd.it/2vV6,3
2020-01-11,Her,2013,https://boxd.it/4O24,4
2020-01-11,Requiem for a Dream,2000,https://boxd.it/29VI,4.5
2020-01-11,Kahaani,2012,https://boxd.it/2UfY,4.5
2020-01-11,Black Panther,2018,https://boxd.it/8MHs,3.5
2020-01-11,Rockstar,2011,https://boxd.it/2Lvo,3.5
2020-01-11,Captain America: The Winter Soldier,2014,https://boxd.it/3r58,4
2020-01-11,Sunrise: A Song of Two Humans,1927,https://boxd.it/29Xk,4.5
2020-01-11,Django Unchained,2012,https://boxd.it/2cCk,4.5
2020-01-11,The Piano Tuner,2010,https://boxd.it/5LdA,4
2020-01-11,Tubelight's Moon,2010,https://boxd.it/dpcw,3.5
2020-01-11,Let's Be Cops,2014,https://boxd.it/5Qvu,3
2020-01-11,Delhi Belly,2011,https://boxd.it/2gEk,4
2020-01-11,Ford v Ferrari,2019,https://boxd.it/ce74,4.5
2020-01-11,Gangs of Wasseypur – Part 1,2012,https://boxd.it/3UHK,4.5
2020-01-11,"Monsters, Inc.",2001,https://boxd.it/2a46,4.5
2020-01-11,Last Train To Mahakali,2000,https://boxd.it/722G,4.5
2020-01-11,Guardians of the Galaxy,2014,https://boxd.it/3VH2,3.5
2020-01-11,Children of Men,2006,https://boxd.it/1Y2i,4.5
2020-01-11,Snatch,2000,https://boxd.it/2b7U,4
2020-01-11,Barfi!,2012,https://boxd.it/4aL4,3.5
2020-01-11,The Imitation Game,2014,https://boxd.it/6aig,4.5
2020-01-11,Memento,2000,https://boxd.it/2bcK,4.5
2020-01-11,Inside Out,2015,https://boxd.it/4KHC,4.5
2020-01-11,Amélie,2001,https://boxd.it/2aUc,4.5
2020-01-11,Hacksaw Ridge,2016,https://boxd.it/azew,4
2020-01-11,Manichitrathazhu,1993,https://boxd.it/2Yeg,4.5
2020-01-11,Angoor,1982,https://boxd.it/1BdC,4.5
2020-01-11,City Lights,1931,https://boxd.it/29ki,4.5
2020-01-11,Vaastav,1999,https://boxd.it/4E8G,4
2020-01-11,M,1931,https://boxd.it/29vq,4.5
2020-01-11,Ustad Hotel,2012,https://boxd.it/3UNy,4
2020-01-11,Spider-Man: Homecoming,2017,https://boxd.it/aboM,3.5
2020-01-11,Gone Girl,2014,https://boxd.it/6hQu,4
2020-01-11,The Grand Budapest Hotel,2014,https://boxd.it/3ZqO,4
2020-01-11,The Others,2001,https://boxd.it/27Po,4
2020-01-11,Back to Backspace,2014,https://boxd.it/g5Uk,4.5
2020-01-11,PK,2014,https://boxd.it/9q1G,4
2020-01-11,The Lunchbox,2013,https://boxd.it/5MOs,3.5
2020-01-11,1: Nenokkadine,2014,https://boxd.it/7jOs,4.5
2020-01-11,Coco,2017,https://boxd.it/bYJQ,4.5
2020-01-11,Paperman,2012,https://boxd.it/4uYW,4
2020-01-11,Avengers: Age of Ultron,2015,https://boxd.it/3qi6,4
2020-01-11,Gully Boy,2019,https://boxd.it/hHXo,4.5
2020-01-11,Cosmos,2014,https://boxd.it/J34E,4.5
2020-01-11,The Night Of,2016,https://boxd.it/eC1I,4.5
2020-01-11,Ocean's Eleven,2001,https://boxd.it/2aZm,4
2020-01-11,Harry Potter and the Philosopher's Stone,2001,https://boxd.it/29QS,3.5
2020-01-11,Alaipayuthey,2000,https://boxd.it/H1U,4
2020-01-11,Hera Pheri,2000,https://boxd.it/1BBO,4
2020-01-11,Spirited Away,2001,https://boxd.it/2b4m,4.5
2020-01-11,Donnie Darko,2001,https://boxd.it/2b2A,4.5
2020-01-11,For the Birds,2000,https://boxd.it/1P6K,4
2020-01-11,Mayabazar,1957,https://boxd.it/4XfG,4
2020-01-11,The Chaos Class,1975,https://boxd.it/2Wiq,4.5
2020-01-11,The Pianist,2002,https://boxd.it/2aqc,4.5
2020-01-11,Holiday,2014,https://boxd.it/8j6i,3.5
2020-01-11,Birdman or (The Unexpected Virtue of Ignorance),2014,https://boxd.it/5RFA,4
2020-01-11,Whiplash,2014,https://boxd.it/7bQA,4.5
2020-01-11,Jolly LLB,2013,https://boxd.it/5r9o,3.5
2020-01-11,Bāhubali: The Beginning,2015,https://boxd.it/7y2y,4
2020-01-11,Finding Nemo,2003,https://boxd.it/72i,4.5
2020-01-11,Kill Bill: Vol. 1,2003,https://boxd.it/70w,4.5
2020-01-11,A Beautiful Mind,2001,https://boxd.it/2amk,4
2020-01-11,Modern Times,1936,https://boxd.it/25MC,4.5
2020-01-11,Nightcrawler,2014,https://boxd.it/780m,4
2020-01-11,Soodhu Kavvum,2013,https://boxd.it/5IRi,4
2020-01-11,Ugly,2013,https://boxd.it/5MPq,4
2020-01-11,Bang Bang!,2014,https://boxd.it/8Lsw,3
2020-01-11,Dil Chahta Hai,2001,https://boxd.it/1Nsk,4
2020-01-11,Harry Potter and the Chamber of Secrets,2002,https://boxd.it/29QI,3
2020-01-11,Company,2002,https://boxd.it/1LzS,4.5
2020-01-11,The Theory of Everything,2014,https://boxd.it/7YtA,4
2020-01-11,Poor Pierrot,1892,https://boxd.it/375i,4
2020-01-11,Wild Tales,2014,https://boxd.it/7UmK,4
2020-01-11,Harry Potter and the Prisoner of Azkaban,2004,https://boxd.it/29Qy,3.5
2020-01-11,Creed,2015,https://boxd.it/a2qk,3.5
2020-01-11,Kannathil Muthamittal,2002,https://boxd.it/10qu,4
2020-01-11,Passage of Venus,1874,https://boxd.it/ac9I,3
2020-01-11,Room,2015,https://boxd.it/7T0y,4
2020-01-11,City of God,2002,https://boxd.it/2a2a,4.5
2020-01-11,Ek Villain,2014,https://boxd.it/8r3G,3.5
2020-01-11,The Legend of Bhagat Singh,2002,https://boxd.it/1iU8,4
2020-01-11,Lakshya,2004,https://boxd.it/1Ckk,3.5
2020-01-11,The Great Dictator,1940,https://boxd.it/29ic,4.5
2020-01-11,Loving Vincent,2017,https://boxd.it/biIQ,4
2020-01-11,Destiny,2012,https://boxd.it/hT62,3.5
2020-01-11,Harry Potter and the Goblet of Fire,2005,https://boxd.it/29Qo,4
2020-01-11,Queen,2013,https://boxd.it/7gjQ,4
2020-01-11,Troy,2004,https://boxd.it/29TW,4
2020-01-11,Citizen Kane,1941,https://boxd.it/71O,4.5
2020-01-11,Lost in Translation,2003,https://boxd.it/2b0E,4
2020-01-11,Eternal Sunshine of the Spotless Mind,2004,https://boxd.it/6YK,4.5
2020-01-11,Raees,2017,https://boxd.it/cG4W,3
2020-01-11,Traffic Crossing Leeds Bridge,1888,https://boxd.it/1K2S,4
2020-01-11,Manjhi: The Mountain Man,2015,https://boxd.it/bVQu,4
2020-01-11,Casablanca,1942,https://boxd.it/2aG0,4.5
2020-01-11,Howl's Moving Castle,2004,https://boxd.it/23De,4.5
2020-01-11,Captain America: Civil War,2016,https://boxd.it/89Ja,4
2020-01-11,Thor: Ragnarok,2017,https://boxd.it/8MHi,4
2020-01-11,Memories of Murder,2003,https://boxd.it/1TSo,4.5
2020-01-11,Sing Street,2016,https://boxd.it/cOo6,3.5
2020-01-11,Prem Ratan Dhan Payo,2015,https://boxd.it/coCc,2.5
2020-01-11,Constantine,2005,https://boxd.it/2a7E,4
2020-01-11,Inglourious Basterds,2009,https://boxd.it/1JzG,4.5
2020-01-11,The Machinist,2004,https://boxd.it/248c,4
2020-01-11,Oldboy,2003,https://boxd.it/29R2,4.5
2020-01-11,Bangalore Days,2014,https://boxd.it/82ZA,4
2020-01-11,Swades,2004,https://boxd.it/1Ly6,4
2020-01-11,Anbe Sivam,2003,https://boxd.it/1sU8,4.5
2020-01-11,Double Indemnity,1944,https://boxd.it/297I,4.5
2020-01-11,Badlapur,2015,https://boxd.it/avnO,4
2020-01-11,Dishoom,2016,https://boxd.it/dKVW,2.5
2020-01-11,Iron Man,2008,https://boxd.it/28dA,4
2020-01-11,Over the Garden Wall,2014,https://boxd.it/eqFw,4.5
2020-01-11,Batman Begins,2005,https://boxd.it/2aIg,4
2020-01-11,Bajirao Mastani,2015,https://boxd.it/ck2O,4
2020-01-11,Harry Potter and the Order of the Phoenix,2007,https://boxd.it/29Qe,3.5
2020-01-11,Lion,2016,https://boxd.it/b2La,4
2020-01-11,Rogue One: A Star Wars Story,2016,https://boxd.it/aPvy,4
2020-01-11,Piku,2015,https://boxd.it/aXUc,3.5
2020-01-11,Kill Bill: Vol. 2,2004,https://boxd.it/2au4,4
2020-01-11,La La Land,2016,https://boxd.it/a5fa,4.5
2020-01-11,Maqbool,2003,https://boxd.it/1CbM,4.5
2020-01-11,Kaththi,2014,https://boxd.it/7Q9W,4
2020-01-11,Ratatouille,2007,https://boxd.it/27ww,4.5
2020-01-11,INT. CAFÉ – NIGHT,2014,https://boxd.it/fDyA,4
2020-01-11,Bajrangi Bhaijaan,2015,https://boxd.it/bIbo,3.5
2020-01-11,It's a Wonderful Life,1946,https://boxd.it/28xA,4.5
2020-01-11,Baby Driver,2017,https://boxd.it/bhF2,3.5
2020-01-11,Roundhay Garden Scene,1888,https://boxd.it/1K32,3.5
2020-01-11,Black Mirror: White Christmas,2014,https://boxd.it/B3qu,5
2020-01-11,The Bypass,2003,https://boxd.it/7j5M,3.5
2020-01-11,Black Friday,2004,https://boxd.it/1oUy,4.5
2020-01-11,Sin City,2005,https://boxd.it/2aVk,4
2020-01-11,The Lives of Others,2006,https://boxd.it/2a4A,4.5
2020-01-11,Million Dollar Baby,2004,https://boxd.it/2bdI,4
2020-01-11,Bicycle Thieves,1948,https://boxd.it/23hW,4.5
2020-01-11,Rang De Basanti,2006,https://boxd.it/20KG,4
2020-01-11,Rope,1948,https://boxd.it/28yo,4
2020-01-11,The Departed,2006,https://boxd.it/28MA,4.5
2020-01-11,Doodlebug,1997,https://boxd.it/TZC,4
2020-01-11,Hazaaron Khwaishein Aisi,2003,https://boxd.it/1BI6,4
2020-01-11,Jagga Jasoos,2017,https://boxd.it/e5TC,3
2020-01-11,Avengers: Infinity War,2018,https://boxd.it/9vEe,4.5
2020-01-11,Avengers: Endgame,2019,https://boxd.it/9vE4,4.5
2020-01-11,Harry Potter and the Half-Blood Prince,2009,https://boxd.it/29FU,4
2020-01-11,Hot Fuzz,2007,https://boxd.it/2416,4
2020-01-11,Sunset Boulevard,1950,https://boxd.it/2a20,4.5
2020-01-11,Kis Kisko Pyaar Karoon,2015,https://boxd.it/cbua,3
2020-01-11,Jai Ho,2014,https://boxd.it/bVXU,4
2020-01-11,Nayantara's Necklace,2015,https://boxd.it/h7ly,3.5
2020-01-11,Airlift,2016,https://boxd.it/d2t0,4
2020-01-11,Fitoor,2016,https://boxd.it/d3Ri,2.5
2020-01-11,Pyaar Ka Punchnama 2,2015,https://boxd.it/cwAy,3
2020-01-11,Dilwale,2015,https://boxd.it/cR60,2.5
2020-01-11,Iqbal,2005,https://boxd.it/1BH8,4
2020-01-11,The Pursuit of Happyness,2006,https://boxd.it/28PE,4
2020-01-11,Pan's Labyrinth,2006,https://boxd.it/28No,4
2020-01-11,Spider-Man: Into the Spider-Verse,2018,https://boxd.it/azpY,4.5
2020-01-11,Masaan,2015,https://boxd.it/b6x2,4
2020-01-11,Khosla Ka Ghosla!,2006,https://boxd.it/1Mie,4.5
2020-01-11,Juno,2007,https://boxd.it/210a,3.5
2020-01-11,Premam,2015,https://boxd.it/bod0,4.5
2020-01-11,The Dark Knight,2008,https://boxd.it/2b0k,4.5
2020-01-11,Dial M for Murder,1954,https://boxd.it/2adW,4
2020-01-11,Ex Machina,2015,https://boxd.it/7T2k,4
2020-01-11,Klaus,2019,https://boxd.it/ipoi,4
2020-01-11,Jaane Tu... Ya Jaane Na,2008,https://boxd.it/1O2i,3.5
2020-01-11,Rear Window,1954,https://boxd.it/2a6Q,4.5
2020-01-11,My Father and My Son,2005,https://boxd.it/1QgQ,4.5
2020-01-11,No Country for Old Men,2007,https://boxd.it/21ew,4
2020-01-11,Ant-Man,2015,https://boxd.it/3vmW,4
2020-01-11,Sivaji: The Boss,2007,https://boxd.it/1yq4,4
2020-01-11,Lipstick Under My Burkha,2017,https://boxd.it/eLT0,3.5
2020-01-11,Gentleman,1993,https://boxd.it/7YQ,3.5
2020-01-11,The Prestige,2006,https://boxd.it/293w,4.5
2020-01-11,Pather Panchali,1955,https://boxd.it/22yC,4.5
2020-01-11,Bāhubali 2: The Conclusion,2017,https://boxd.it/bMfO,4
2020-01-11,Ahalya,2015,https://boxd.it/bNYK,4
2020-01-11,Omkara,2006,https://boxd.it/1Ny8,4
2020-01-11,Aparajito,1956,https://boxd.it/29kW,4.5
2020-01-11,Talvar,2015,https://boxd.it/bTxg,4.5
2020-01-11,The Killing,1956,https://boxd.it/2aMi,4
2020-01-11,Moonlight,2016,https://boxd.it/d6bE,3.5
2020-01-11,Gunda,1998,https://boxd.it/4wUW,4
2020-01-11,Thani Oruvan,2015,https://boxd.it/8Bt0,4.5
2020-01-11,Guru,2007,https://boxd.it/1Lyq,3.5
2020-01-11,Nil Battey Sannata,2016,https://boxd.it/chVc,4.5
2020-01-11,12 Angry Men,1957,https://boxd.it/2auI,4.5
2020-01-11,Dunkirk,2017,https://boxd.it/d0Y6,4.5
2020-01-11,"Three Billboards Outside Ebbing, Missouri",2017,https://boxd.it/ceBS,4
2020-01-11,Dangal,2016,https://boxd.it/chfU,4.5
2020-01-11,2.0,2018,https://boxd.it/cXRm,4
2020-01-11,Paths of Glory,1957,https://boxd.it/29b6,4.5
2020-01-11,The Favourite,2018,https://boxd.it/d2hI,4
2020-01-11,Pyaasa,1957,https://boxd.it/10iq,4.5
2020-01-11,Ant-Man and the Wasp,2018,https://boxd.it/cqUW,4
2020-01-11,Wild Strawberries,1957,https://boxd.it/29ZU,4.5
2020-01-11,Witness for the Prosecution,1957,https://boxd.it/18H4,4.5
2020-01-11,Rustom,2016,https://boxd.it/dITu,3.5
2020-01-11,Touch of Evil,1958,https://boxd.it/28II,4.5
2020-01-11,Vertigo,1958,https://boxd.it/2apI,4.5
2020-01-11,Apur Sansar,1959,https://boxd.it/29l6,4.5
2020-01-11,Flight of the Large Blue Fly,1905,https://boxd.it/ducc,3.5
2020-01-11,Inception: The Cobol Job,2010,https://boxd.it/kO,4
2020-01-11,Irudhi Suttru,2016,https://boxd.it/c77Q,2.5
2020-01-11,Your Name.,2016,https://boxd.it/cUqs,4.5
2020-01-11,Sairat,2016,https://boxd.it/dlFu,4.5
2020-01-11,North by Northwest,1959,https://boxd.it/2aRM,4.5
2020-01-11,Some Like It Hot,1959,https://boxd.it/2aNA,4
2020-01-11,The Apartment,1960,https://boxd.it/2aGE,4.5
2020-01-11,Psycho,1960,https://boxd.it/2ab2,4.5
2020-01-11,Theri,2016,https://boxd.it/cPGq,3.5
2020-01-11,Half Girlfriend,2017,https://boxd.it/eBaE,2
2020-01-11,Taandav,2016,https://boxd.it/dSLg,4
2020-01-11,Pink,2016,https://boxd.it/eEQo,4
2020-01-11,To Kill a Mockingbird,1962,https://boxd.it/2a2E,4
2020-01-11,Dr. Strangelove or: How I Learned to Stop Worrying and Love the Bomb,1964,https://boxd.it/29eY,4.5
2020-01-11,Madaari,2016,https://boxd.it/dUUY,3.5
2020-01-11,Uncut Gems,2019,https://boxd.it/gXGc,4.5
2020-01-11,Hans Zimmer: Live in Prague,2017,https://boxd.it/frhC,5
2020-01-11,Hindi Medium,2017,https://boxd.it/giPi,4
2020-01-11,Kriti,2016,https://boxd.it/i1J2,3.5
2020-01-11,Aruvi,2016,https://boxd.it/eYdQ,4.5
2020-01-11,Guide,1965,https://boxd.it/2Oa4,4.5
2020-01-11,Vada Chennai,2018,https://boxd.it/esfK,4.5
2020-01-11,Kirik Party,2016,https://boxd.it/fnea,4
2020-01-11,Persona,1966,https://boxd.it/29B4,4
2020-01-11,Six Men Getting Sick,1967,https://boxd.it/HDu,2.5
2020-01-11,Vikram Vedha,2017,https://boxd.it/fkaY,4.5
2020-01-11,Roma,2018,https://boxd.it/f69M,4.5
2020-01-11,The Graduate,1967,https://boxd.it/18Im,4
2020-01-11,Ouch,2000,https://boxd.it/2JaI,4
2020-01-11,2001: A Space Odyssey,1968,https://boxd.it/2bf0,4.5
2020-01-11,The Alphabet,1969,https://boxd.it/Ssi,4
2020-01-11,Chutney,2016,https://boxd.it/gtqS,4.5
2020-01-11,Spider-Man: Far From Home,2019,https://boxd.it/fegG,4
2020-01-11,Padosan,1968,https://boxd.it/1DaU,4
2020-01-11,Dhuruvangal Pathinaaru,2016,https://boxd.it/eCLG,4.5
2020-01-11,Sanju,2018,https://boxd.it/hTZm,4.5
2020-01-11,One Heart: The A.R. Rahman Concert Film,2017,https://boxd.it/hlk0,5
2020-01-11,Reservoir Dogs,1991,https://boxd.it/fL8A,3
2020-01-11,Upgrade,2018,https://boxd.it/i4gW,4
2020-01-11,It's Fine,2012,https://boxd.it/5gMu,3
2020-01-11,Cold War,2018,https://boxd.it/fEoc,4
2020-01-11,Manu,2018,https://boxd.it/jWL2,4.5
2020-01-11,A Quiet Place,2018,https://boxd.it/fVJQ,3.5
2020-01-11,Anand,1971,https://boxd.it/1uhM,4.5
2020-01-11,A Clockwork Orange,1971,https://boxd.it/2aVE,4.5
2020-01-11,Babumoshai Bandookbaaz,2017,https://boxd.it/gvCm,4
2020-01-11,Parasite,2019,https://boxd.it/hTha,4.5
2020-01-11,The Haunting of Hill House,2018,https://boxd.it/kfJ0,4.5
2020-01-11,Bawarchi,1972,https://boxd.it/g98,4.5
2020-01-11,Parmanu: The Story of Pokhran,2018,https://boxd.it/gFXO,4.5
2020-01-11,Us,2019,https://boxd.it/gnV6,3.5
2020-01-11,The Godfather,1972,https://boxd.it/2aNK,4.5
2020-01-11,Green Book,2018,https://boxd.it/hErk,4.5
2020-01-11,Bareilly Ki Barfi,2017,https://boxd.it/gJbY,3.5
2020-01-11,To Let,2017,https://boxd.it/j4Bi,4.5
2020-01-11,The Exorcist,1973,https://boxd.it/1Yoo,4.5
2020-01-11,96,2018,https://boxd.it/fHYM,4.5
2020-01-11,Super Deluxe,2019,https://boxd.it/fjRW,4.5
2020-01-11,Ratsasan,2018,https://boxd.it/eyFu,4.5
2020-01-11,Theeran Adhigaaram Ondru,2017,https://boxd.it/ghV0,4.5
2020-01-11,Raazi,2018,https://boxd.it/hHX4,4
2020-01-11,Chinatown,1974,https://boxd.it/29vU,4.5
2020-01-11,Once Upon a Time... in Hollywood,2019,https://boxd.it/gH0O,4.5
2020-01-11,When They See Us,2019,https://boxd.it/kbJU,4.5
2020-01-11,Carbon: A Story of Tomorrow,2017,https://boxd.it/hKTu,3
2020-01-11,Mukkabaaz,2017,https://boxd.it/gREY,4
2020-01-11,Monty Python and the Holy Grail,1975,https://boxd.it/29GI,4
2020-01-11,Indiscretion,2016,https://boxd.it/elMi,4.5
2020-01-11,Chhoti Si Baat,1976,https://boxd.it/2qak,4
2020-01-11,Chupke Chupke,1975,https://boxd.it/1BRM,4
2020-01-11,Deewaar,1975,https://boxd.it/1AxG,4
2020-01-11,Joker,2019,https://boxd.it/h4cS,4.5
2020-01-11,Dog Day Afternoon,1975,https://boxd.it/29bg,4
2020-01-11,Arjun Reddy,2017,https://boxd.it/gYiq,4.5
2020-01-11,One Flew Over the Cuckoo's Nest,1975,https://boxd.it/2aeA,4.5
2020-01-11,Chernobyl,2019,https://boxd.it/mkbG,5
2020-01-11,C/o Kancharapalem,2018,https://boxd.it/jSlk,4.5
2020-01-11,Super 30,2019,https://boxd.it/jrkE,3.5
2020-01-11,Taxi Driver,1976,https://boxd.it/2b8y,4.5
2020-01-11,Into the Wild,2007,https://boxd.it/22m2,4.5
2020-01-11,Marriage Story,2019,https://boxd.it/hJAw,4.5
2020-01-11,Star Wars,1977,https://boxd.it/72s,4.5
2020-01-11,Juice,2017,https://boxd.it/hTsi,4.5
2020-01-11,Badhaai Ho,2018,https://boxd.it/jZv2,4
2020-01-11,Peranbu,2018,https://boxd.it/eyFY,4.5
2020-01-11,Halloween,1978,https://boxd.it/2wRu,4
2020-01-11,Drive,2011,https://boxd.it/IG,4
2020-01-11,In Bruges,2008,https://boxd.it/20n8,4
2020-01-11,K.G.F: Chapter 1,2018,https://boxd.it/kGf2,4.5
2020-01-11,Chekka Chivantha Vaanam,2018,https://boxd.it/idrO,3.5
2020-01-11,Dallas Buyers Club,2013,https://boxd.it/4O8G,4
2020-01-11,Karwaan,2018,https://boxd.it/jp58,4
2020-01-11,Gol Maal,1979,https://boxd.it/1m2k,4
2020-01-11,Life of Brian,1979,https://boxd.it/2a4q,4.5
2020-01-11,The Lighthouse,2019,https://boxd.it/icFU,4.5
2020-01-11,The Man Who Feels No Pain,2018,https://boxd.it/jK5y,3.5
2020-01-11,The Empire Strikes Back,1980,https://boxd.it/27Vw,4.5
2020-01-11,Shoplifters,2018,https://boxd.it/ifY6,4.5
2020-01-11,Bao,2018,https://boxd.it/iEl4,3.5
2020-01-11,Andhadhun,2018,https://boxd.it/jtfc,4.5
2020-01-11,Sonchiriya,2019,https://boxd.it/jtPE,4
2020-01-11,Stree,2018,https://boxd.it/jrdI,4
2020-01-11,The Tashkent Files,2019,https://boxd.it/lV6m,4.5
2020-01-11,Badla,2019,https://boxd.it/lmKQ,4.5
2020-01-11,Raging Bull,1980,https://boxd.it/28yI,4.5
2020-01-11,Section 375,2019,https://boxd.it/imN0,4
2020-01-11,The Shining,1980,https://boxd.it/29Nu,4.5
2020-01-11,Interstellar,2014,https://boxd.it/4VZ8,4.5
2020-01-11,Pariyerum Perumal,2018,https://boxd.it/gyAy,4.5
2020-01-11,Tumbbad,2018,https://boxd.it/jDZk,4.5
2020-01-11,Chhuri,2017,https://boxd.it/hT4U,3.5
2020-01-11,Capernaum,2018,https://boxd.it/iM3s,4.5
2020-01-11,Uri: The Surgical Strike,2019,https://boxd.it/kgWk,4.5
2020-01-11,Pain and Glory,2019,https://boxd.it/iOBQ,4
2020-01-11,Raiders of the Lost Ark,1981,https://boxd.it/2bbs,4.5
2020-01-11,Blade Runner,1982,https://boxd.it/2bcA,4
2020-01-11,Kumbalangi Nights,2019,https://boxd.it/l8wA,4.5
2020-01-11,Mama's Boy,2007,https://boxd.it/1QGa,3.5
2020-01-11,Lust Stories,2018,https://boxd.it/jh4G,3.5
2020-01-11,The Thing,1982,https://boxd.it/294O,4
2020-01-11,The Avengers,2012,https://boxd.it/1xFW,4
2020-01-11,Beats,2019,https://boxd.it/mgEk,3
2020-01-11,Jaane Bhi Do Yaaro,1983,https://boxd.it/1vHw,4
2020-01-11,The King of Comedy,1982,https://boxd.it/2aJS,4
2020-01-11,Masoom,1983,https://boxd.it/1BRi,4.5
2020-01-11,Portrait of a Lady on Fire,2019,https://boxd.it/jkPq,4.5
2020-01-11,Sadma,1983,https://boxd.it/utQ,4.5
2020-01-11,Scarface,1983,https://boxd.it/2b7g,4.5
2020-01-11,The Farewell,2019,https://boxd.it/kIky,4.5
2020-01-11,Amadeus,1984,https://boxd.it/2aH8,4.5
2020-01-11,Jallikattu,2019,https://boxd.it/kHjO,4
2020-01-11,The Terminator,1984,https://boxd.it/2aQY,4
2020-01-11,Back to the Future,1985,https://boxd.it/2b8e,4.5
2020-01-11,Game Over,2019,https://boxd.it/kevw,4
2020-01-11,How to Train Your Dragon,2010,https://boxd.it/1WRy,4
2020-01-11,Jersey,2019,https://boxd.it/lQjU,4.5
2020-01-11,Chhichhore,2019,https://boxd.it/lZOW,3.5
2020-01-11,Once,2007,https://boxd.it/22GG,4
2020-01-11,Zakir Khan: Kaksha Gyarvi,2018,https://boxd.it/kEGK,4
2020-01-11,WALL·E,2008,https://boxd.it/1VEo,4.5
2020-01-11,Stand by Me,1986,https://boxd.it/2aOe,4
2020-01-11,El Camino: A Breaking Bad Movie,2019,https://boxd.it/kv0q,3.5
2020-01-11,Dream Girl,2019,https://boxd.it/lili,3.5
2020-01-11,Harry Potter and the Deathly Hallows: Part 1,2010,https://boxd.it/1RYu,3.5
2020-01-11,Full Metal Jacket,1987,https://boxd.it/2a1Q,4.5
2020-01-11,Nayakan,1987,https://boxd.it/1meA,4.5
2020-01-11,Lifted,2006,https://boxd.it/1QW8,4.5
2020-01-11,Akira,1988,https://boxd.it/2b1i,4.5
2020-01-11,Asuran,2019,https://boxd.it/lbR2,4.5
2020-01-11,Black Swan,2010,https://boxd.it/Sw0,4
2020-01-11,Black Mirror: Bandersnatch,2018,https://boxd.it/kTDG,5
2020-01-11,Decalogue I,1989,https://boxd.it/3WmE,4
2020-01-11,Decalogue II,1989,https://boxd.it/C8Q,4
2020-01-11,Grave of the Fireflies,1988,https://boxd.it/1RUM,4.5
2020-01-11,The Family Man,2000,https://boxd.it/22e8,4.5
2020-01-11,Salaam Bombay!,1988,https://boxd.it/Qhi,4
2020-01-11,My Neighbor Totoro,1988,https://boxd.it/20eA,4.5
2020-01-11,The Manson Family Massacre,2019,https://boxd.it/mTGk,4
2020-01-11,Dead Poets Society,1989,https://boxd.it/2aSg,4.5
2020-01-11,"Love, Death & Robots: Sonnie's Edge",2019,https://boxd.it/lECg,4
2020-01-11,"Love, Death & Robots: The Witness",2019,https://boxd.it/lFO8,3.5
2020-01-11,"Love, Death & Robots: Suits",2019,https://boxd.it/lFOM,4
2020-01-11,"Love, Death & Robots: Sucker of Souls",2019,https://boxd.it/lFOW,3
2020-01-11,"Love, Death & Robots: Beyond the Aquila Rift",2019,https://boxd.it/lGTe,4.5
2020-01-11,"Love, Death & Robots: Good Hunting",2019,https://boxd.it/lJFO,4.5
2020-01-11,"Love, Death & Robots: The Dump",2019,https://boxd.it/lJGi,3
2020-01-11,"Love, Death & Robots: Shape-Shifters",2019,https://boxd.it/lJFY,3.5
2020-01-11,"Love, Death & Robots: Helping Hand",2019,https://boxd.it/lJGW,3.5
2020-01-11,"Love, Death & Robots: Fish Night",2019,https://boxd.it/lJGs,3.5
2020-01-11,"Love, Death & Robots: Lucky 13",2019,https://boxd.it/lJGC,4.5
2020-01-11,"Love, Death & Robots: Zima Blue",2019,https://boxd.it/lJGM,4.5
2020-01-11,"Love, Death & Robots: Ice Age",2019,https://boxd.it/lJG8,4
2020-01-11,"Love, Death & Robots: Alternate Histories",2019,https://boxd.it/lJHg,3.5
2020-01-11,"Love, Death & Robots: The Secret War",2019,https://boxd.it/lN0g,4.5
2020-01-11,5 Centimeters per Second,2007,https://boxd.it/16G4,3.5
2020-01-11,Like Stars on Earth,2007,https://boxd.it/20SA,4
2020-01-11,Kaithi,2019,https://boxd.it/lBLY,3.5
2020-01-11,The Wolf of Wall Street,2013,https://boxd.it/3C1m,4.5
2020-01-11,GoodFellas,1990,https://boxd.it/29FA,4.5
2020-06-17,Beauty and the Beast,1991,https://boxd.it/1XhG,4.5
2020-06-17,Argo,2012,https://boxd.it/2czU,4.5
2020-06-17,Hachi: A Dog's Tale,2009,https://boxd.it/1q4a,3.5
2020-06-17,Shubh Mangal Zyada Saavdhan,2020,https://boxd.it/mobA,3
2020-06-17,The Cabinet of Dr. Caligari,1920,https://boxd.it/2aOo,4.5
2020-06-17,[REC],2007,https://boxd.it/20ma,3.5
2020-06-17,Dark Matter,2019,https://boxd.it/otrW,5
2020-06-17,Unforgiven,1992,https://boxd.it/6Z4,4.5
2020-06-17,In the Name of the Father,1993,https://boxd.it/20I6,4.5
2020-06-17,The Nightmare Before Christmas,1993,https://boxd.it/1YzQ,4.5
2020-06-17,Jab We Met,2007,https://boxd.it/1T2W,4.5
2020-06-17,Goldman v Silverman,2020,https://boxd.it/oIV8,3.5
2020-06-17,The Bandit,1996,https://boxd.it/1sVq,4.5
2020-06-17,Choked: Paisa Bolta Hai,2020,https://boxd.it/qqWQ,3.5
2020-06-17,Moon,2009,https://boxd.it/1IGQ,3.5
2020-06-17,Life Is Beautiful,1997,https://boxd.it/29Wm,4.5
2020-06-17,Princess Mononoke,1997,https://boxd.it/2b4w,4.5
2020-06-17,Toy Story 2,1999,https://boxd.it/29qq,4.5
2020-06-17,The Truman Show,1998,https://boxd.it/18U8,4
2020-06-17,Gran Torino,2008,https://boxd.it/1Qzy,4.5
2020-06-17,Being John Malkovich,1999,https://boxd.it/2ahu,4
2020-06-17,Eyes Wide Shut,1999,https://boxd.it/2axs,4
2020-06-17,Aamir,2008,https://boxd.it/1QMs,4
2020-06-17,Incendies,2010,https://boxd.it/Msm,4.5
2020-06-17,Shrek,2001,https://boxd.it/29zi,4
2020-06-17,Looper,2012,https://boxd.it/ham,3.5
2020-06-17,Rushmore,1998,https://boxd.it/1TAO,4.5
2020-06-17,The Social Network,2010,https://boxd.it/17ue,4.5
2020-06-17,The Secret in Their Eyes,2009,https://boxd.it/1vWw,4.5
2020-06-17,Run Lola Run,1998,https://boxd.it/2b8o,4
2020-06-17,Wake Up Sid,2009,https://boxd.it/1C8e,4
2020-06-17,Dev.D,2009,https://boxd.it/1L5I,4
2020-06-17,Pi,1998,https://boxd.it/2ajq,3.5
2020-06-17,Mad Max: Fury Road,2015,https://boxd.it/2DjO,4.5
2020-06-17,The Lego Movie,2014,https://boxd.it/4pDO,4.5
2020-06-17,127 Hours,2010,https://boxd.it/SLa,4.5
2020-06-17,I Saw the Devil,2010,https://boxd.it/FaK,4
2020-06-17,The Big Short,2015,https://boxd.it/ajZw,4.5
2020-06-17,Day & Night,2010,https://boxd.it/11kM,4.5
2020-06-17,The Artist,2011,https://boxd.it/2AwK,4.5
2020-06-17,Moonrise Kingdom,2012,https://boxd.it/2Wng,4.5
2020-06-17,The General,1926,https://boxd.it/29co,4.5
2020-06-17,A Separation,2011,https://boxd.it/gvo,4.5
2020-06-17,Spotlight,2015,https://boxd.it/a84k,4.5
2020-06-17,Rush,2013,https://boxd.it/3lyS,4.5
2020-06-17,12 Years a Slave,2013,https://boxd.it/2D2e,4
2020-06-17,Rocketman,2019,https://boxd.it/iehK,3.5
2020-06-17,Two,1965,https://boxd.it/5MnG,5
2020-06-17,The Hunt,2012,https://boxd.it/3wEC,4.5
2020-06-17,Koshish,1972,https://boxd.it/8Wss,4
2020-06-17,Wheels,2014,https://boxd.it/98hQ,4.5
2020-06-17,Shahid,2012,https://boxd.it/4c5Y,4
2020-06-17,Arrival,2016,https://boxd.it/aNGk,4
2020-06-17,The Tale of The Princess Kaguya,2013,https://boxd.it/4JQI,4
2020-06-17,Jojo Rabbit,2019,https://boxd.it/iEBG,4.5
2020-06-17,Punch-Drunk Love,2002,https://boxd.it/20E4,3.5
2020-06-17,Geek Out,2013,https://boxd.it/qhPm,3
2020-06-17,The Incredibles,2004,https://boxd.it/1XLm,4
2020-06-17,Mystic River,2003,https://boxd.it/2aAG,4
2020-06-17,Little Women,2019,https://boxd.it/aSVk,4.5
2020-06-17,What We Do in the Shadows,2014,https://boxd.it/7eQy,3.5
2020-06-17,The Hateful Eight,2015,https://boxd.it/8gw8,4
2020-06-17,Kung Fury,2015,https://boxd.it/7mSM,4.5
2020-06-17,Ek Hasina Thi,2004,https://boxd.it/4mtQ,3.5
2020-06-17,Ankhon Dekhi,2013,https://boxd.it/76UC,3.5
2020-06-17,Downfall,2004,https://boxd.it/2a04,4.5
2020-06-17,Shaun of the Dead,2004,https://boxd.it/29J8,4
2020-06-17,The Martian,2015,https://boxd.it/8SeG,4
2020-06-17,The Handmaiden,2016,https://boxd.it/948A,4.5
2020-06-17,Manchester by the Sea,2016,https://boxd.it/b2L0,4
2020-06-17,The Third Man,1949,https://boxd.it/294E,4.5
2020-06-17,All About Eve,1950,https://boxd.it/29LI,4.5
2020-06-17,Thank You for Smoking,2005,https://boxd.it/1YOc,4
2020-06-17,Rashomon,1950,https://boxd.it/2a9K,4.5
2020-06-17,Fantastic Mr. Fox,2009,https://boxd.it/1WyQ,4
2020-06-17,The Namesake,2006,https://boxd.it/1JJG,4
2020-06-17,V for Vendetta,2005,https://boxd.it/29Ik,4.5
2020-06-17,Toy Story 3,2010,https://boxd.it/1WRe,4.5
2020-06-17,The Peanut Butter Falcon,2019,https://boxd.it/gzu2,3.5
2020-06-17,Borat: Cultural Learnings of America for Make Benefit Glorious Nation of Kazakhstan,2006,https://boxd.it/2agQ,4
2020-06-17,Little Miss Sunshine,2006,https://boxd.it/29EW,4
2020-06-17,Singin' in the Rain,1952,https://boxd.it/29oY,4.5
2020-06-17,On the Waterfront,1954,https://boxd.it/29TC,4.5
2020-06-17,Lady Bird,2017,https://boxd.it/dGNE,4.5
2020-06-17,Visaranai,2015,https://boxd.it/cUXG,4.5
2020-06-17,Do Ankhen Barah Haath,1957,https://boxd.it/2o40,4.5
2020-06-17,Get Out,2017,https://boxd.it/eOCm,4.5
2020-06-17,The Seventh Seal,1957,https://boxd.it/2ahO,4.5
2020-06-17,Isle of Dogs,2018,https://boxd.it/dZrW,4.5
2020-06-17,The Music Room,1958,https://boxd.it/29x2,4.5
2020-06-17,The 400 Blows,1959,https://boxd.it/2b1C,4
2020-06-17,A Silent Voice: The Movie,2016,https://boxd.it/d99c,4.5
2020-06-17,The Big Sick,2017,https://boxd.it/eHvy,4.5
2020-06-17,Harakiri,1962,https://boxd.it/1NTU,4.5
2020-06-17,Piper,2016,https://boxd.it/dZaG,4
2020-06-17,National Theatre Live: Fleabag,2019,https://boxd.it/mXOW,4.5
2020-06-17,Call Me by Your Name,2017,https://boxd.it/dYmm,4.5
2020-06-17,High and Low,1963,https://boxd.it/1RSc,4.5
2020-06-17,Phantom Thread,2017,https://boxd.it/e4uc,4.5
2020-06-17,Charulata,1964,https://boxd.it/1bVy,4.5
2020-06-17,A Fistful of Dollars,1964,https://boxd.it/2auo,4
2020-06-17,Dear Zindagi,2016,https://boxd.it/eAiM,4
2020-06-17,For a Few Dollars More,1965,https://boxd.it/29eu,4.5
2020-06-17,"The Good, the Bad and the Ugly",1966,https://boxd.it/2ape,4.5
2020-06-17,Ouch,2016,https://boxd.it/p1CE,4
2020-06-17,Once Upon a Time in the West,1968,https://boxd.it/2az4,4.5
2020-06-17,Deadpool: No Good Deed,2017,https://boxd.it/kq7G,3
2020-06-17,In a Heartbeat,2017,https://boxd.it/ggzW,3.5
2020-06-17,The Sting,1973,https://boxd.it/1Z5s,4.5
2020-06-17,The Wicker Man,1973,https://boxd.it/1KnG,4.5
2020-06-17,Village Rockstars,2017,https://boxd.it/gYRA,3.5
2020-06-17,Network,1976,https://boxd.it/1VqG,4.5
2020-06-17,Rocky,1976,https://boxd.it/28Uk,4.5
2020-06-17,Annie Hall,1977,https://boxd.it/29M2,4.5
2020-06-17,Eastern Promises,2007,https://boxd.it/275q,4
2020-06-17,Hereditary,2018,https://boxd.it/hNVe,4
2020-06-17,Atonement,2007,https://boxd.it/24ui,4.5
2020-06-17,Alien,1979,https://boxd.it/2awY,4.5
2020-06-17,Kaamyaab,2018,https://boxd.it/ptRM,4.5
2020-06-17,Life in a Metro,2007,https://boxd.it/1DoW,4.5
2020-06-17,Airplane!,1980,https://boxd.it/29yu,4
2020-06-17,Das Boot,1981,https://boxd.it/2av2,4.5
2020-06-17,Superbad,2007,https://boxd.it/20hO,3.5
2020-06-17,The Evil Dead,1981,https://boxd.it/29Go,3.5
2020-06-17,Chintu Ka Birthday,2020,https://boxd.it/of9E,3.5
2020-06-17,1917,2019,https://boxd.it/jj4y,4
2020-06-17,Axone,2019,https://boxd.it/ndLa,3.5
2020-06-17,Nausicaä of the Valley of the Wind,1984,https://boxd.it/2bc6,4.5
2020-06-17,The Promised Neverland,2020,https://boxd.it/nwzs,5
2020-06-17,Harmony with A. R. Rahman,2018,https://boxd.it/q0oy,5
2020-06-17,The Breakfast Club,1985,https://boxd.it/27q4,3.5
2020-06-17,Knives Out,2019,https://boxd.it/jWEA,4
2020-06-17,Aliens,1986,https://boxd.it/29PA,4.5
2020-06-17,Come and See,1985,https://boxd.it/1w9q,4.5
2020-06-17,Luxo Jr.,1986,https://boxd.it/1P7y,3.5
2020-06-17,The Countdown,2018,https://boxd.it/pKI8,5
2020-06-17,Demon Slayer: Kimetsu no Yaiba,2019,https://boxd.it/pKsE,4.5
2020-06-17,Source Code,2011,https://boxd.it/fdo,4.5
2020-06-17,Cinema Paradiso,1988,https://boxd.it/1UlA,4.5
2020-06-17,Mary and Max,2009,https://boxd.it/1y2m,4.5
2020-09-29,Vinland Saga,2019,https://boxd.it/qdwU,4.5
2020-09-29,Lootcase,2020,https://boxd.it/nzAI,2.5
2020-09-29,Troll 2,1990,https://boxd.it/1sTE,1
2020-09-29,Boyhood,2014,https://boxd.it/3178,4.5
2020-09-29,Chungking Express,1994,https://boxd.it/1UDa,4
2020-09-29,The Postman,1994,https://boxd.it/1URG,4
2020-09-29,Three Colours: Red,1994,https://boxd.it/2b7q,4.5
2020-09-29,Before Sunrise,1995,https://boxd.it/2bcU,4.5
2020-09-29,La Haine,1995,https://boxd.it/2as8,4.5
2020-09-29,Whisper of the Heart,1995,https://boxd.it/17uy,4.5
2020-09-29,Let the Right One In,2008,https://boxd.it/1Qr0,3.5
2020-09-29,The Social Dilemma,2020,https://boxd.it/opQI,4
2020-09-29,An Education,2009,https://boxd.it/1xcg,3.5
2020-09-29,Up in the Air,2009,https://boxd.it/1zPY,4
2020-09-29,Ishqiya,2010,https://boxd.it/1fgu,3.5
2020-09-29,La Maison en Petits Cubes,2008,https://boxd.it/1D06,4.5
2020-09-29,Radiohead: In Rainbows - From the Basement,2008,https://boxd.it/g7G,5
2020-09-29,Aaranya Kaandam,2011,https://boxd.it/3Xc6,4
2020-09-29,Office Space,1999,https://boxd.it/28Em,4
2020-09-29,"Crazy, Stupid, Love.",2011,https://boxd.it/D9A,4
2020-09-29,Magnolia,1999,https://boxd.it/2aze,4.5
2020-09-29,Almost Famous,2000,https://boxd.it/29CQ,4.5
2020-09-29,Nebraska,2013,https://boxd.it/4exq,4
2020-09-29,The Circus,1928,https://boxd.it/1orm,4
2020-09-29,The Passion of Joan of Arc,1928,https://boxd.it/29DO,4
2020-09-29,The Wind Rises,2013,https://boxd.it/4JQS,3.5
2020-09-29,The Phantom of the Opera at the Royal Albert Hall,2011,https://boxd.it/2CMK,5
2020-09-29,Before Midnight,2013,https://boxd.it/4ive,4.5
2020-09-29,Lootera,2013,https://boxd.it/69o8,4
2020-09-29,Frances Ha,2012,https://boxd.it/41Xg,3.5
2020-09-29,Raanjhanaa,2013,https://boxd.it/5M1U,4
2020-09-29,Short Term 12,2013,https://boxd.it/5f6s,4
2020-09-29,Duck Soup,1933,https://boxd.it/25PG,4.5
2020-09-29,Predestination,2014,https://boxd.it/6bJM,4
2020-09-29,Waking Life,2001,https://boxd.it/1Zdc,4
2020-09-29,Yi Yi,2000,https://boxd.it/1vCw,4.5
2020-09-29,Y Tu Mamá También,2001,https://boxd.it/28QM,4
2020-09-29,Amores Perros,2000,https://boxd.it/2bfu,4
2020-09-29,It Happened One Night,1934,https://boxd.it/25Ng,4
2020-09-29,The Bourne Identity,2002,https://boxd.it/26EO,3.5
2020-09-29,Catch Me If You Can,2002,https://boxd.it/29VS,4
2020-09-29,Monsoon Wedding,2001,https://boxd.it/2aiM,4
2020-09-29,Rick and Morty vs. Genocider,2020,https://boxd.it/I44S,5
2020-09-29,Talk to Her,2002,https://boxd.it/2beG,4.5
2020-09-29,Margarita with a Straw,2015,https://boxd.it/8Vu8,3
2020-09-29,Zootopia,2016,https://boxd.it/84xS,4
2020-09-29,To Be or Not to Be,1942,https://boxd.it/2aTy,4.5
2020-09-29,Captain Fantastic,2016,https://boxd.it/b2K2,3.5
2020-09-29,The Second Renaissance Part I,2003,https://boxd.it/1xOk,4.5
2020-09-29,The Second Renaissance Part II,2003,https://boxd.it/1xOa,5
2020-09-29,The Bourne Supremacy,2004,https://boxd.it/26EE,4
2020-09-29,"Spring, Summer, Fall, Winter... and Spring",2003,https://boxd.it/2b6W,4
2020-09-29,Brief Encounter,1945,https://boxd.it/29sm,4.5
2020-09-29,Brokeback Mountain,2005,https://boxd.it/2b2q,4
2020-09-29,Kaaka Muttai,2014,https://boxd.it/7Ryy,4
2020-09-29,Raincoat,2004,https://boxd.it/ZPe,4
2020-09-29,Control,2007,https://boxd.it/22IC,4
2020-09-29,3-Iron,2004,https://boxd.it/28WK,3.5
2020-09-29,The Bourne Ultimatum,2007,https://boxd.it/26Eu,4.5
2020-09-29,Scott Pilgrim vs. the World,2010,https://boxd.it/1Aq6,3.5
2020-09-29,Paheli,2005,https://boxd.it/1g8Q,3.5
2020-09-29,Socha Na Tha,2005,https://boxd.it/1BIg,3.5
2020-09-29,The Night of the Hunter,1955,https://boxd.it/25HW,4
2020-09-29,Perfect Strangers,2016,https://boxd.it/dgVi,3.5
2020-09-29,The Hexer,2001,https://boxd.it/n5C,4
2020-09-29,Paterson,2016,https://boxd.it/cRk2,4.5
2020-09-29,Natsamrat,2016,https://boxd.it/d9wA,4.5
2020-09-29,The Big City,1963,https://boxd.it/fI2,4.5
2020-09-29,Dying of the Light,2014,https://boxd.it/9r1s,4.5
2020-09-29,Dark,2017,https://boxd.it/JZ98,4.5
2020-09-29,The Lift Boy,2019,https://boxd.it/mgNc,4
2020-09-29,The Affair,2017,https://boxd.it/rZb8,4.5
2020-09-29,Kuchh Bheege Alfaaz,2018,https://boxd.it/jbeK,3.5
2020-09-29,Autumn Sonata,1978,https://boxd.it/1Rio,4
2020-09-29,Love per Square Foot,2018,https://boxd.it/ifTA,3.5
2020-09-29,Apocalypse Now,1979,https://boxd.it/6ZS,4.5
2020-09-29,I'm Thinking of Ending Things,2020,https://boxd.it/i4IQ,4
2020-09-29,Kramer vs. Kramer,1979,https://boxd.it/h0w,4
2020-09-29,Manhattan,1979,https://boxd.it/29Na,4.5
2020-09-29,Talking Heads,1980,https://boxd.it/GSy,4
2020-09-29,Persepolis,2007,https://boxd.it/27DC,4.5
2020-09-29,Dil Bechara,2020,https://boxd.it/nYrQ,3.5
2020-09-29,Chashme Buddoor,1981,https://boxd.it/g8E,4.5
2020-09-29,Dor,2006,https://boxd.it/QZY,3.5
2020-09-29,Hamilton,2020,https://boxd.it/kmvE,4.5
2020-09-29,Ran,1985,https://boxd.it/1Tlu,4.5
2020-09-29,The Princess Bride,1987,https://boxd.it/26EY,4
2020-09-29,Time of the Gypsies,1988,https://boxd.it/1E1Y,4.5
2020-12-27,Soorarai Pottru,2020,https://boxd.it/lWrq,4.5
2020-12-27,My Cousin Vinny,1992,https://boxd.it/1WpO,4
2020-12-27,A Bronx Tale,1993,https://boxd.it/28uQ,4.5
2020-12-27,Mank,2020,https://boxd.it/mIuC,4
2020-12-27,Naked,1993,https://boxd.it/1BT4,4.5
2020-12-27,Suraj Ka Satvan Ghoda,1992,https://boxd.it/2Md6,4.5
2020-12-27,Fallen Angels,1995,https://boxd.it/1UkW,4
2020-12-27,If Anything Happens I Love You,2020,https://boxd.it/qIv4,4
2020-12-27,David Attenborough: A Life on Our Planet,2020,https://boxd.it/oIvu,5
2020-12-27,Paava Kadhaigal,2020,https://boxd.it/tnu6,4
2020-12-27,High Fidelity,2000,https://boxd.it/2aMW,4
2020-12-27,Blue Is the Warmest Color,2013,https://boxd.it/4O40,4
2020-12-27,It's Such a Beautiful Day,2012,https://boxd.it/hCY2,5
2020-12-27,The Hours,2002,https://boxd.it/2a3s,4.5
2020-12-27,Soul,2020,https://boxd.it/ioLA,4
2020-12-27,Love Actually,2003,https://boxd.it/2aeU,3.5
2020-12-27,Nuvvu Naaku Nachav,2001,https://boxd.it/2SGe,4.5
2020-12-27,The Hundred-Foot Journey,2014,https://boxd.it/6JBi,3.5
2020-12-27,Mommy,2014,https://boxd.it/7Uau,4
2020-12-27,Strangers on a Train,1951,https://boxd.it/29tk,4
2020-12-27,Two Acres of Land,1953,https://boxd.it/uuE,4.5
2020-12-27,Ugetsu,1953,https://boxd.it/1NyM,4.5
2020-12-27,Rififi,1955,https://boxd.it/29f8,4.5
2020-12-27,East of Eden,1955,https://boxd.it/2aQE,4.5
2020-12-27,Sahib Bibi Aur Ghulam,1962,https://boxd.it/2tHQ,4.5
2020-12-27,Sound of Metal,2019,https://boxd.it/i7Q4,4.5
2020-12-27,Woman in the Dunes,1964,https://boxd.it/1JNS,4.5
2020-12-27,Tenet,2020,https://boxd.it/leq4,4.5
2020-12-27,The Middleman,1975,https://boxd.it/42wq,4.5
2020-12-27,When Harry Met Sally...,1989,https://boxd.it/29W2,4.5
2021-07-01,The Double Life of Véronique,1991,https://boxd.it/28va,4.5
2021-07-01,The Father,2020,https://boxd.it/m8Ie,4.5
2021-07-01,Vive L'Amour,1994,https://boxd.it/2wsa,4
2021-07-01,Demon Slayer -Kimetsu no Yaiba- The Movie: Mugen Train,2020,https://boxd.it/nyLU,3.5
2021-07-01,Blue Valentine,2010,https://boxd.it/MxG,4
2021-07-01,Love Exposure,2008,https://boxd.it/1pDe,4
2021-07-01,Leaving Las Vegas,1995,https://boxd.it/2amE,3.5
2021-07-01,Three Colours: White,1994,https://boxd.it/2b7A,4.5
2021-07-01,Portrait of a Young Girl at the End of the 60s in Brussels,1994,https://boxd.it/462a,3.5
2021-07-01,U.S. Go Home,1994,https://boxd.it/465y,4
2021-07-01,Shiva Baby,2020,https://boxd.it/oIv0,4
2021-07-01,A Summer's Tale,1996,https://boxd.it/183e,4
2021-07-01,"Comrades, Almost a Love Story",1996,https://boxd.it/18QU,5
2021-07-01,Taste of Cherry,1997,https://boxd.it/1m8W,4.5
2021-07-01,10 Things I Hate About You,1999,https://boxd.it/23AO,5
2021-07-01,OPAL,2020,https://boxd.it/suy8,4.5
2021-07-01,The Great Indian Kitchen,2021,https://boxd.it/tyqO,4
2021-07-01,Bo Burnham: Inside,2021,https://boxd.it/v2uy,5
2021-07-01,The Virgin Suicides,1999,https://boxd.it/28JG,3.5
2021-07-01,Shame,2011,https://boxd.it/2CxU,3.5
2021-07-01,The Spectacular Now,2013,https://boxd.it/4VSG,4.5
2021-07-01,Hotarubi no Mori e,2011,https://boxd.it/3euO,4
2021-07-01,The Man Who Sleeps,1974,https://boxd.it/3xwE,5
2021-07-01,About Time,2013,https://boxd.it/43bI,4.5
2021-07-01,backspace,2021,https://boxd.it/tHqy,4.5
2021-07-01,Brooklyn,2015,https://boxd.it/5bdk,4
2021-07-01,Carol,2015,https://boxd.it/7DPK,4
2021-07-01,The Piano Teacher,2001,https://boxd.it/2886,4
2021-07-01,The Garden of Words,2013,https://boxd.it/5Ymq,4.5
2021-07-01,Me and Earl and the Dying Girl,2015,https://boxd.it/9SAE,4
2021-07-01,A Dog's Will,2000,https://boxd.it/12u4,4.5
2021-07-01,The Royal Tenenbaums,2001,https://boxd.it/1YHU,3.5
2021-07-01,No Man's Land,2001,https://boxd.it/20kI,3.5
2021-07-01,Millennium Actress,2001,https://boxd.it/1fK0,4
2021-07-01,The Dreamers,2003,https://boxd.it/28X4,3.5
2021-07-01,The Lobster,2015,https://boxd.it/7tnw,4
2021-07-01,"Synecdoche, New York",2008,https://boxd.it/23zw,4.5
2021-07-01,The Nice Guys,2016,https://boxd.it/94Hg,3
2021-07-01,Mustang,2015,https://boxd.it/baaw,4.5
2021-07-01,The Lake House,2006,https://boxd.it/27yM,3
2021-07-01,Blood Diamond,2006,https://boxd.it/28Tm,3.5
2021-07-01,A Streetcar Named Desire,1951,https://boxd.it/29Mc,4.5
2021-07-01,20th Century Women,2016,https://boxd.it/bqU6,3.5
2021-07-01,Raw,2016,https://boxd.it/dLd2,4.5
2021-07-01,Serial Experiments Lain,1998,https://boxd.it/hYQE,4
2021-07-01,Hiroshima Mon Amour,1959,https://boxd.it/22WY,5
2021-07-01,The Florida Project,2017,https://boxd.it/dMG0,4.5
2021-07-01,The Hero,1966,https://boxd.it/3MJI,4.5
2021-07-01,Four Nights of a Dreamer,1971,https://boxd.it/qRa,4.5
2021-07-01,The Adversary,1970,https://boxd.it/WKK,4.5
2021-07-01,Badlands,1973,https://boxd.it/25Fm,4
2021-07-01,The Conversation,1974,https://boxd.it/2a38,3.5
2021-07-01,Sir,2018,https://boxd.it/iNpa,3
2021-07-01,Barry Lyndon,1975,https://boxd.it/25A2,5
2021-07-01,Burning,2018,https://boxd.it/hHUa,4
2021-07-01,Days of Heaven,1978,https://boxd.it/1JRg,4.5
2021-07-01,99 Songs,2019,https://boxd.it/jTuC,5
2021-07-01,Never Rarely Sometimes Always,2020,https://boxd.it/lWJk,4
2021-07-01,Stalker,1979,https://boxd.it/28PO,4.5
2021-07-01,Possession,1981,https://boxd.it/1BPm,4.5
2021-07-01,Paprika,2006,https://boxd.it/23wW,4
2021-07-01,"Paris, Texas",1984,https://boxd.it/29Ts,4.5
2021-07-01,Blue Velvet,1986,https://boxd.it/29BI,4
2021-07-01,Normal People,2020,https://boxd.it/q2VY,4
2021-07-01,The Green Ray,1986,https://boxd.it/t8W,4.5
2021-07-01,Palm Springs,2020,https://boxd.it/lCXQ,3.5
2021-07-01,The Fighter,2010,https://boxd.it/PP4,4
2021-07-01,"The Cook, the Thief, His Wife & Her Lover",1989,https://boxd.it/20VO,4
2021-07-01,Do the Right Thing,1989,https://boxd.it/29gA,4
2021-07-01,I Lost My Body,2019,https://boxd.it/lAYs,3.5
2021-12-20,Certified Copy,2010,https://boxd.it/IMW,5
2021-12-20,The Stranger,1991,https://boxd.it/YxS,4.5
2021-12-20,Only Yesterday,1991,https://boxd.it/1MR4,5
2021-12-20,The Lovers on the Bridge,1991,https://boxd.it/26li,4.5
2021-12-20,Another Round,2020,https://boxd.it/lkba,4.5
2021-12-20,Sardar Udham,2021,https://boxd.it/m5kS,4
2021-12-20,Vidheyan,1994,https://boxd.it/7yqq,4
2021-12-20,The Bridges of Madison County,1995,https://boxd.it/29Os,4
2021-12-20,Paddington,2014,https://boxd.it/3RKw,3.5
2021-12-20,Titane,2021,https://boxd.it/nlQC,4
2021-12-20,Dune,2021,https://boxd.it/fA7G,4
2021-12-20,The Human Voice,2020,https://boxd.it/p148,4.5
2021-12-20,Happy Together,1997,https://boxd.it/1Ha0,4
2021-12-20,Buffalo '66,1998,https://boxd.it/1YC6,3.5
2021-12-20,Fireworks,1997,https://boxd.it/22mQ,4
2021-12-20,Smiling Friends,2020,https://boxd.it/pKrc,4
2021-12-20,Spencer,2021,https://boxd.it/qPMG,3.5
2021-12-20,Twins in Paradise,2020,https://boxd.it/qPOW,5
2021-12-20,The Iron Giant,1999,https://boxd.it/1Wow,4
2021-12-20,Luca,2021,https://boxd.it/ipjC,3.5
2021-12-20,The Hand of God,2021,https://boxd.it/r5uI,3.5
2021-12-20,Petite Maman,2021,https://boxd.it/s6je,5
2021-12-20,Drive My Car,2021,https://boxd.it/sv94,4.5
2021-12-20,Wheel of Fortune and Fantasy,2021,https://boxd.it/tWcm,4.5
2021-12-20,Tear Along the Dotted Line,2021,https://boxd.it/y2r6,4.5
2021-12-20,Dancer in the Dark,2000,https://boxd.it/71E,4
2021-12-20,Backspace,2012,https://boxd.it/wKio,4.5
2021-12-20,Fat Girl,2001,https://boxd.it/2a6w,3
2021-12-20,Winter Sleep,2014,https://boxd.it/7Ua0,4.5
2021-12-20,All About Lily Chou-Chou,2001,https://boxd.it/1JP0,5
2021-12-20,The Shop Around the Corner,1940,https://boxd.it/1DFy,4
2021-12-20,Breathe,2014,https://boxd.it/87L4,4
2021-12-20,Out of the Past,1947,https://boxd.it/29PK,4.5
2021-12-20,In a Lonely Place,1950,https://boxd.it/1JgO,4.5
2021-12-20,Paddington 2,2017,https://boxd.it/bCF8,4.5
2021-12-20,Roman Holiday,1953,https://boxd.it/29zW,4
2021-12-20,Sweet Smell of Success,1957,https://boxd.it/29aW,5
2021-12-20,Cléo from 5 to 7,1962,https://boxd.it/2agm,4.5
2021-12-20,God's Own Country,2017,https://boxd.it/faZM,4
2021-12-20,Le Bonheur,1965,https://boxd.it/xyk,4.5
2021-12-20,A Charlie Brown Christmas,1965,https://boxd.it/1QDq,4.5
2021-12-20,The Umbrellas of Cherbourg,1964,https://boxd.it/22fK,3.5
2021-12-20,Columbus,2017,https://boxd.it/eCuA,5
2021-12-20,Marlina the Murderer in Four Acts,2017,https://boxd.it/gazQ,3.5
2021-12-20,La Collectionneuse,1967,https://boxd.it/23Ls,4.5
2021-12-20,Something Useful,2017,https://boxd.it/gMaY,4
2021-12-20,Kheer,2017,https://boxd.it/wvcq,3
2021-12-20,Love in the Afternoon,1972,https://boxd.it/1Svo,4.5
2021-12-20,The Wild Pear Tree,2018,https://boxd.it/eMtM,5
2021-12-20,Counterfeit Kunkoo,2018,https://boxd.it/iKcs,3.5
2021-12-20,In the Realm of the Senses,1976,https://boxd.it/22qS,1
2021-12-20,The Mitchells vs. the Machines,2021,https://boxd.it/i7xm,4.5
2021-12-20,The Aviator's Wife,1981,https://boxd.it/1srq,3.5
2021-12-20,"tick, tick... BOOM!",2021,https://boxd.it/jz2e,3.5
2021-12-20,Mishima: A Life in Four Chapters,1985,https://boxd.it/1sBA,4.5
2021-12-20,"The French Dispatch of the Liberty, Kansas Evening Sun",2021,https://boxd.it/jLP8,3.5
2021-12-20,Evil Dead II,1987,https://boxd.it/29Ge,3.5
2021-12-20,Wings of Desire,1987,https://boxd.it/2b26,4.5
2021-12-20,A Short Film About Love,1988,https://boxd.it/1jXC,4
2021-12-20,A Short Film About Killing,1988,https://boxd.it/1VtK,5
2021-12-28,Spider-Man: No Way Home,2021,https://boxd.it/nwRw,1.5
2021-12-31,The Worst Person in the World,2021,https://boxd.it/oyws,5
2022-01-01,Red Rocket,2021,https://boxd.it/sGpi,4.5
2022-03-02,The Tragedy of Macbeth,2021,https://boxd.it/lMi4,4.5
2022-03-02,Licorice Pizza,2021,https://boxd.it/qTKY,4
2022-03-02,Boogie Nights,1997,https://boxd.it/23um,4.5
2022-03-02,The Fallout,2021,https://boxd.it/tViI,3.5
2022-03-02,Female Prisoner #701: Scorpion,1972,https://boxd.it/2rKo,3.5
2022-03-02,Ritual,2000,https://boxd.it/14z6,5
2022-03-02,Visitor Q,2001,https://boxd.it/24DE,3
2022-03-02,Rebecca,1940,https://boxd.it/2aQa,4
2022-03-02,Meshes of the Afternoon,1943,https://boxd.it/1sEE,5
2022-03-02,Laura,1944,https://boxd.it/27Oq,4
2022-03-02,Sansho the Bailiff,1954,https://boxd.it/1Dkq,4
2022-03-02,L'Avventura,1960,https://boxd.it/23hs,4
2022-03-02,La Jetée,1962,https://boxd.it/29Sk,4.5
2022-03-02,Dark,2018,https://boxd.it/nfyM,4.5
2022-03-02,The Last Picture Show,1971,https://boxd.it/1weg,4
2022-03-02,Microhabitat,2017,https://boxd.it/hn9o,4.5
2022-03-02,Vincent,1982,https://boxd.it/1hLa,5
2022-03-02,Boyfriends and Girlfriends,1987,https://boxd.it/14C,4
2022-03-02,The Man Who Made A Family Vanish,2018,https://boxd.it/yPJe,4
2022-07-09,Céline,1992,https://boxd.it/44ac,4.5
2022-07-09,In Custody,1994,https://boxd.it/2Ire,3.5
2022-07-09,The Northman,2022,https://boxd.it/nK2s,4
2022-07-09,Rocky,2021,https://boxd.it/nDbM,4.5
2022-07-09,Red Post on Escher Street,2020,https://boxd.it/pdpi,4
2022-07-09,X,2022,https://boxd.it/sxVa,3.5
2022-07-09,Yuni,2021,https://boxd.it/tXkw,5
2022-07-09,The Batman,2022,https://boxd.it/eDGs,4.5
2022-07-09,Black Mirror: The Entire History of You,2011,https://boxd.it/hQZ4,4.5
2022-07-09,"Love, Death & Robots: Bad Travelling",2022,https://boxd.it/BykM,4
2022-07-09,Blue Ruin,2013,https://boxd.it/5H8G,3.5
2022-07-09,Eureka,2000,https://boxd.it/16TC,4.5
2022-07-09,The Fundamentals of Caring,2016,https://boxd.it/aiai,3
2022-07-09,Detour,1945,https://boxd.it/1DB2,4
2022-07-09,Don't Breathe,2016,https://boxd.it/9yzw,3
2022-07-09,Black Mirror: San Junipero,2016,https://boxd.it/k4aS,4.5
2022-07-09,The Host,2006,https://boxd.it/28ZY,4
2022-07-09,Elevator to the Gallows,1958,https://boxd.it/294u,3.5
2022-07-09,Black Mirror: Black Museum,2017,https://boxd.it/hRqu,5
2022-07-09,303,2018,https://boxd.it/hNBe,3.5
2022-07-09,Black Mirror: Hang the DJ,2017,https://boxd.it/hQYA,4
2022-07-09,Black Mirror: Shut Up and Dance,2016,https://boxd.it/hRRq,4
2022-07-09,Black Mirror: Hated in the Nation,2016,https://boxd.it/hSBI,4.5
2022-07-09,Z,1969,https://boxd.it/26pY,4.5
2022-07-09,Everything Everywhere All at Once,2022,https://boxd.it/jUk4,4.5
2022-07-09,The Meetings of Anna,1978,https://boxd.it/3gEG,3.5
2022-07-09,RRR,2022,https://boxd.it/ljDs,3.5
2022-07-09,After Yang,2021,https://boxd.it/lx5a,4.5
2022-07-09,"Rosa la rose, fille publique",1986,https://boxd.it/9yg,4
2022-07-09,Vagabond,1985,https://boxd.it/T0u,3.5
2022-07-09,Four Adventures of Reinette and Mirabelle,1987,https://boxd.it/18QA,4
2022-07-09,Mirch Masala,1987,https://boxd.it/6R0E,4.5
2022-07-09,Ijaazat,1987,https://boxd.it/3VqK,3.5
2022-07-09,Vikram,2022,https://boxd.it/rUJa,4.5
2022-07-09,Anantaram,1987,https://boxd.it/8m3G,4.5
2022-07-09,Kiki's Delivery Service,1989,https://boxd.it/1JAY,3.5
2022-07-09,Mathilukal,1990,https://boxd.it/7wOq,4.5
2022-10-05,Ponniyin Selvan: Part I,2022,https://boxd.it/oz24,4
2022-10-05,Nope,2022,https://boxd.it/sDCe,3.5
2022-10-05,What Happened Was...,1994,https://boxd.it/2WAk,4
2022-10-05,Revanche,2008,https://boxd.it/1MdS,4.5
2022-10-05,Event Horizon,1997,https://boxd.it/20d8,3
2022-10-05,Decision to Leave,2022,https://boxd.it/qp9e,4
2022-10-05,Karthikeya 2,2022,https://boxd.it/xNX2,3.5
2022-10-05,Hit the Road,2021,https://boxd.it/vBVO,4
2022-10-05,Top Gun: Maverick,2022,https://boxd.it/cjr4,4
2022-10-05,"Love, Death & Robots: Jibaro",2022,https://boxd.it/EqO6,4
2022-10-05,Blue Spring,2001,https://boxd.it/1fIo,4
2022-10-05,Good Time,2017,https://boxd.it/fcFu,4
2022-10-05,The Green Years,1963,https://boxd.it/5fVg,4
2022-10-05,Funeral Parade of Roses,1969,https://boxd.it/28Cg,5
2022-10-05,Terrorizers,1986,https://boxd.it/2IRG,4
2022-10-05,"Love, Death & Robots: Blindspot",2019,https://boxd.it/lJH6,3.5
2022-12-24,All Quiet on the Western Front,2022,https://boxd.it/H08,4
2022-12-24,Bones and All,2022,https://boxd.it/tLd4,3.5
2022-12-24,Dilwale Dulhania Le Jayenge,1995,https://boxd.it/1F9k,3.5
2022-12-24,Glass Onion,2022,https://boxd.it/oCkK,3.5
2022-12-24,The Banshees of Inisherin,2022,https://boxd.it/p7XS,5
2022-12-24,TÁR,2022,https://boxd.it/uNIA,4.5
2022-12-24,"Monica, O My Darling",2022,https://boxd.it/yuuM,3.5
2022-12-24,Barbarian,2022,https://boxd.it/yohi,3.5
2022-12-24,Pearl,2022,https://boxd.it/zPbe,3
2022-12-24,Joyland,2022,https://boxd.it/AlzM,4.5
2022-12-24,Aftersun,2022,https://boxd.it/Arw0,4.5
2022-12-24,"Throw Away Your Books, Rally in the Streets",1971,https://boxd.it/3yio,5
2022-12-24,Kali-Katha: The Prologue to Ugly,2014,https://boxd.it/DC3a,4
2022-12-24,The Coward,1965,https://boxd.it/4r8S,3.5
2022-12-24,Claire's Knee,1970,https://boxd.it/26aO,3.5
2022-12-24,Triangle of Sadness,2022,https://boxd.it/hXlq,4
2022-12-24,Mama's Boy,2016,https://boxd.it/DaJ8,3.5
2022-12-24,Full Moon in Paris,1984,https://boxd.it/1sxe,4
2023-05-22,A Tale of Winter,1992,https://boxd.it/1WJO,4
2023-05-22,Lost Illusions,2021,https://boxd.it/oxSW,4
2023-05-22,Sonatine,1993,https://boxd.it/20TI,4
2023-05-22,Babylon,2022,https://boxd.it/mM02,4.5
2023-05-22,The Beaches of Agnès,2008,https://boxd.it/14Y6,4.5
2023-05-22,The White Ribbon,2009,https://boxd.it/17eU,4.5
2023-05-22,Lost Highway,1997,https://boxd.it/29Wc,4
2023-05-22,Titanic,1997,https://boxd.it/2a2k,3.5
2023-05-22,A Tale of Autumn,1998,https://boxd.it/1WJY,4
2023-05-22,Mr. Bachmann and His Class,2021,https://boxd.it/tWcw,4.5
2023-05-22,Great Freedom,2021,https://boxd.it/vwpe,3.5
2023-05-22,The Hand,2020,https://boxd.it/vWp0,3.5
2023-05-22,An Action Hero,2022,https://boxd.it/xk3Y,3
2023-05-22,Rye Lane,2023,https://boxd.it/DIyy,3.5
2023-05-22,"Oslo, August 31st",2011,https://boxd.it/2xQC,4
2023-05-22,Starfuckers,2022,https://boxd.it/yqvQ,4
2023-05-22,Scream VI,2023,https://boxd.it/zdfW,3.5
2023-05-22,Dhuin,2022,https://boxd.it/yV2K,4
2023-05-22,A Short Story,2022,https://boxd.it/zDD6,4
2023-05-22,2046,2004,https://boxd.it/29tu,4
2023-05-22,How to Blow Up a Pipeline,2022,https://boxd.it/C69e,3.5
2023-05-22,Fursat,2023,https://boxd.it/EVeo,4
2023-05-22,Puss in Boots: The Last Wish,2022,https://boxd.it/aaie,4.5
2023-05-22,Victoria,2015,https://boxd.it/amSe,3
2023-05-22,The Dream of a Ridiculous Man,1992,https://boxd.it/3Yh2,4
2023-05-22,Lola,1961,https://boxd.it/11ho,4
2023-05-22,Duvidha,1973,https://boxd.it/3xma,3.5
2023-05-22,The Package,2018,https://boxd.it/ibD4,1
2023-05-22,French Fried Vacation 2,1979,https://boxd.it/1f02,3.5
2023-05-22,Reprise,2006,https://boxd.it/1Sji,4
2023-05-22,Lola,1981,https://boxd.it/273u,4
2023-05-22,Long Day's Journey Into Night,2018,https://boxd.it/hw1I,5
2023-05-22,Pauline at the Beach,1983,https://boxd.it/1WC4,4
2023-05-22,A Nos Amours,1983,https://boxd.it/271I,3.5
2023-05-22,Betty Blue,1986,https://boxd.it/1SBw,4
2023-05-22,Decalogue X,1989,https://boxd.it/3Wlm,4.5
2023-05-22,Decalogue IV,1989,https://boxd.it/C8w,4
2023-05-22,Decalogue IX,1989,https://boxd.it/3Wlw,4
2023-05-22,The Family Man Reunion,2019,https://boxd.it/F40g,4
2023-05-22,"Love, Death & Robots: When the Yogurt Took Over",2019,https://boxd.it/lFSY,4.5
2023-05-22,The Menu,2022,https://boxd.it/lScm,4
2023-10-08,The Age of Innocence,1993,https://boxd.it/1WgM,5
2023-10-08,The Daytrippers,1996,https://boxd.it/F9i,4
2023-10-08,Falcon Lake,2022,https://boxd.it/zHkW,4
2023-10-08,Bullet Train,2022,https://boxd.it/qW26,3.5
2023-10-08,Four Lions,2010,https://boxd.it/18do,4
2023-10-08,Past Lives,2023,https://boxd.it/oNB8,4.5
2023-10-08,Heart of Stone,2023,https://boxd.it/r91A,2
2023-10-08,April Story,1998,https://boxd.it/2n9o,3.5
2023-10-08,A Night of Knowing Nothing,2021,https://boxd.it/vBUw,4
2023-10-08,Barbie,2023,https://boxd.it/bCLK,3.5
2023-10-08,Oppenheimer,2023,https://boxd.it/wUow,4.5
2023-10-08,Passages,2023,https://boxd.it/xX9c,4.5
2023-10-08,Once Upon a Time in Anatolia,2011,https://boxd.it/2yHG,4
2023-10-08,Weekend,2011,https://boxd.it/2Kzu,4
2023-10-08,Bottoms,2023,https://boxd.it/uGf2,5
2023-10-08,The Wonderful Story of Henry Sugar,2023,https://boxd.it/yNyo,4
2023-10-08,Return to Seoul,2022,https://boxd.it/zXDg,3
2023-10-08,Ice Merchants,2022,https://boxd.it/Arx8,4.5
2023-10-08,Hey Ram,2000,https://boxd.it/fGg,4
2023-10-08,BlackBerry,2023,https://boxd.it/CoVK,4
2023-10-08,Rejected,2000,https://boxd.it/1gZU,3.5
2023-10-08,World of Tomorrow,2015,https://boxd.it/9Gr6,5
2023-10-08,Heart Attack,2015,https://boxd.it/c6uu,4
2023-10-08,Black Mirror: Nosedive,2016,https://boxd.it/hK9G,4
2023-10-08,The Swimming Pool,1969,https://boxd.it/23BC,3.5
2023-10-08,Five Easy Pieces,1970,https://boxd.it/1tww,4
2023-10-08,Girlfriends,1978,https://boxd.it/3JYU,3.5
2023-10-08,Midsommar,2019,https://boxd.it/jhxe,4.5
2023-10-08,Extraction,2020,https://boxd.it/jUjA,2.5
2023-10-08,"Are You There God? It's Me, Margaret.",2023,https://boxd.it/kiYC,4
2023-10-08,Spider-Man: Across the Spider-Verse,2023,https://boxd.it/kSz4,4.5
2023-11-01,Glass,1958,https://boxd.it/y9K,5
2023-11-01,Michael Jackson's Thriller,1983,https://boxd.it/3e76,5
2023-11-12,Daybreak Express,1957,https://boxd.it/28AY,5
2023-12-05,Landscapes and Figures,2002,https://boxd.it/fNEy,5
2023-12-05,Close-Up,1990,https://boxd.it/1m9q,4
2023-12-05,Schindler's List,1993,https://boxd.it/2aq2,5
2023-12-05,The Killer,2023,https://boxd.it/u6WE,3.5
2023-12-05,About Dry Grasses,2023,https://boxd.it/oNbO,4.5
2023-12-05,May December,2023,https://boxd.it/vEE2,4.5
2023-12-05,Burning Days,2022,https://boxd.it/psok,4
2023-12-05,The Holdovers,2023,https://boxd.it/vHza,4
2023-12-05,Melancholia,2011,https://boxd.it/bPI,4.5
2023-12-05,The Celebration,1998,https://boxd.it/2aCM,4
2023-12-05,Rocky Aur Rani Kii Prem Kahaani,2023,https://boxd.it/w0wa,3.5
2023-12-05,A Page of Madness,1926,https://boxd.it/3i2u,4
2023-12-05,Anatomy of a Fall,2023,https://boxd.it/yuDE,4.5
2023-12-05,All of Us Strangers,2023,https://boxd.it/Bz3C,4
2023-12-05,Trouble in Paradise,1932,https://boxd.it/2aU2,4
2023-12-05,Perfect Days,2023,https://boxd.it/ATh8,4
2023-12-05,Toni Erdmann,2016,https://boxd.it/d0xu,4
2023-12-05,La Vie en Rose,2007,https://boxd.it/28OQ,3.5
2023-12-05,Breathless,1960,https://boxd.it/2aIK,3.5
2023-12-05,Killers of the Flower Moon,2023,https://boxd.it/gHp0,4.5
2023-12-05,Pierrot le Fou,1965,https://boxd.it/26j2,4
2023-12-05,The Holy Mountain,1973,https://boxd.it/20mu,4.5
2023-12-05,Pastoral: To Die in the Country,1974,https://boxd.it/3xEI,4.5
2023-12-05,"Jeanne Dielman, 23, quai du Commerce, 1080 Bruxelles",1975,https://boxd.it/T18,5
2023-12-26,Heat,1995,https://boxd.it/2bg8,4
2023-12-26,A Single Man,2009,https://boxd.it/1dx4,3.5
2023-12-26,Fallen Leaves,2023,https://boxd.it/Bgew,3.5
2023-12-26,Werckmeister Harmonies,2000,https://boxd.it/1zzw,4
2023-12-26,Mysterious Skin,2004,https://boxd.it/1UsG,4
2023-12-26,Tokyo Godfathers,2003,https://boxd.it/1Qg2,4
2023-12-26,Meeting the Man: James Baldwin in Paris,1970,https://boxd.it/oKjA,4
2023-12-26,My Night at Maud's,1969,https://boxd.it/Hwo,5
2023-12-26,Day for Night,1973,https://boxd.it/28kG,4.5
2023-12-26,Shadows in Paradise,1986,https://boxd.it/73A,4
2023-12-26,Ariel,1988,https://boxd.it/73K,3.5
2024-03-15,La Belle Noiseuse,1991,https://boxd.it/1RxI,4
2024-03-15,In the Name of God,1992,https://boxd.it/7J8M,5
2024-03-15,Robot Dreams,2023,https://boxd.it/vBZm,4
2024-03-15,Poor Things,2023,https://boxd.it/tNWU,4
2024-03-15,La Chimera,2023,https://boxd.it/vzVi,4.5
2024-03-15,Dune: Part Two,2024,https://boxd.it/pUfA,4
2024-03-15,The Taste of Things,2023,https://boxd.it/Arke,4
2024-03-15,The Great Beauty,2013,https://boxd.it/5ty6,3
2024-03-15,How to Have Sex,2023,https://boxd.it/EFIM,3
2024-03-15,12th Fail,2023,https://boxd.it/I1sM,4
2024-03-15,Interstella 5555: The 5tory of the 5ecret 5tar 5ystem,2003,https://boxd.it/1ULy,4
2024-03-15,Last Year at Marienbad,1961,https://boxd.it/24Qe,4.5
2024-03-15,Love Meetings,1964,https://boxd.it/W9Y,3.5
2024-03-15,The Boy and the Heron,2023,https://boxd.it/ipeM,4.5
2024-03-15,Italianamerican,1974,https://boxd.it/3deg,4
2024-03-15,The Purple Rose of Cairo,1985,https://boxd.it/1VeU,3.5
2024-03-15,The Family Man,2019,https://boxd.it/CPvu,4
2024-03-15,"Love, Death & Robots: Three Robots",2019,https://boxd.it/lECK,3.5
2024-04-09,Nirvana: Unplugged In New York,1993,https://boxd.it/1G0e,5
2024-04-19,Koyaanisqatsi,1982,https://boxd.it/1U9E,3.5
2024-04-19,Sans Soleil,1983,https://boxd.it/28B8,4
2024-04-19,"The Devil, Probably",1977,https://boxd.it/1hJe,4
2024-04-19,Blade Runner 2049,2017,https://boxd.it/b8wK,3.5
2024-04-19,"Night Is Short, Walk On Girl",2017,https://boxd.it/ffwA,4
2024-04-19,Landscape in the Mist,1988,https://boxd.it/JRy,4.5
2024-04-19,Ben-Hur,1959,https://boxd.it/29RQ,4
2024-04-19,"Menus-Plaisirs, les Troisgros",2023,https://boxd.it/EJRS,4.5
2024-04-19,The Human Condition I: No Greater Love,1959,https://boxd.it/1jAy,4
2024-04-19,Lawrence of Arabia,1962,https://boxd.it/2wRE,5
2024-04-19,The Human Condition II: Road to Eternity,1959,https://boxd.it/1dJa,4.5
2024-04-19,The Human Condition III: A Soldier's Prayer,1961,https://boxd.it/1dIQ,4.5
2024-04-20,Himiko,1974,https://boxd.it/34d4,4
2024-04-22,Sicily!,1999,https://boxd.it/3z1e,4
2024-04-26,Casino Royale,2006,https://boxd.it/1alk,2.5
2024-04-28,Challengers,2024,https://boxd.it/zld0,4.5
2024-05-02,Branded to Kill,1967,https://boxd.it/1HSQ,3.5
2024-05-04,Godzilla Minus One,2023,https://boxd.it/zu4c,3.5
2024-05-04,Ali: Fear Eats the Soul,1974,https://boxd.it/2aRi,4
2024-05-05,Dear Diary,1993,https://boxd.it/1vT8,4.5
2024-05-09,Millennium Mambo,2001,https://boxd.it/1Tzw,3.5
2024-05-13,Sicario,2015,https://boxd.it/8i7u,3.5
2024-05-18,Scary Movie,2000,https://boxd.it/24CG,3
2024-05-18,Scary Movie 3,2003,https://boxd.it/24Be,2.5
2024-05-24,The Devils,1971,https://boxd.it/1inI,5
2024-05-31,Samuel,2024,https://boxd.it/LWKk,5
2024-05-31,Love Hotel,1985,https://boxd.it/3Rcu,4
2024-06-03,Nomad,1982,https://boxd.it/4VI2,3.5
2024-06-16,Chime,2024,https://boxd.it/KiS2,3.5
2024-06-18,My Afternoons with Margueritte,2010,https://boxd.it/13JE,2
2024-08-01,Thelma,2024,https://boxd.it/DOou,3
2024-08-18,A Day in the Country,1946,https://boxd.it/Tm6,4
2024-08-22,Furiosa: A Mad Max Saga,2024,https://boxd.it/tABk,4
2024-08-23,Rendezvous in Paris,1995,https://boxd.it/2FaY,3
2024-08-24,Friday Night,2002,https://boxd.it/QtS,2.5
2024-08-26,Climax,2018,https://boxd.it/ikvo,3.5
2024-09-02,The Mother and the Whore,1973,https://boxd.it/HQe,4.5
2024-09-09,The Count of Monte Cristo,2024,https://boxd.it/F1Nk,3.5
2024-09-13,All That Jazz,1979,https://boxd.it/1JB8,4.5
2024-09-14,8½,1963,https://boxd.it/2aqm,4.5
2024-09-23,Rocco and His Brothers,1960,https://boxd.it/20bG,4
2024-09-29,Life Is Sweet,1990,https://boxd.it/19GQ,4
2024-10-05,La Cérémonie,1995,https://boxd.it/287C,4
2024-10-06,The Wind Will Carry Us,1999,https://boxd.it/Uwc,3.5
2024-10-11,The Wild Robot,2024,https://boxd.it/IWFy,4.5
2024-10-12,Seduced and Abandoned,1964,https://boxd.it/W1q,4
2024-10-13,All We Imagine as Light,2024,https://boxd.it/yXaQ,4.5
2024-10-16,The Substance,2024,https://boxd.it/zanS,3.5
2024-10-24,Paris Je T'aime,2006,https://boxd.it/273a,3
2024-11-01,Anora,2024,https://boxd.it/Egcw,4.5
2024-11-03,The Hourglass Sanatorium,1973,https://boxd.it/OUW,4.5
2024-11-09,Look Back,2024,https://boxd.it/LjA6,3.5
2024-11-10,Thief,1981,https://boxd.it/1TEc,4.5
2024-11-15,Bram Stoker's Dracula,1992,https://boxd.it/223a,3.5
2024-11-15,Beating Hearts,2024,https://boxd.it/AeF4,3
2024-11-29,The Koumiko Mystery,1965,https://boxd.it/4y1k,3.5
2024-11-30,Symbiopsychotaxiplasm: Take One,1971,https://boxd.it/R6q,4
2024-12-02,Before Sunset,2004,https://boxd.it/2bcg,5
2024-12-04,Nosferatu the Vampyre,1979,https://boxd.it/21J0,4
2024-12-13,The Master,2012,https://boxd.it/2cBG,4
2024-12-21,Nosferatu,2024,https://boxd.it/f5eG,3
2024-12-30,Cure,1997,https://boxd.it/1blA,5
2025-01-04,Man with a Movie Camera,1929,https://boxd.it/1u7s,5
2025-01-04,Simon of the Desert,1965,https://boxd.it/1aXe,3.5
2025-01-06,Decalogue VII,1989,https://boxd.it/3WlG,3.5
2025-01-07,Angel's Egg,1985,https://boxd.it/1LeA,4
2025-01-16,"I Was Born, But...",1932,https://boxd.it/1pS4,4
2025-01-18,La Dolce Vita,1960,https://boxd.it/2anC,4.5
2025-01-19,An Autumn Afternoon,1962,https://boxd.it/CUU,4
2025-01-23,Wild at Heart,1990,https://boxd.it/2aii,3.5
2025-01-25,He Who Gets Slapped,1924,https://boxd.it/1rDg,4.5
2025-01-28,Blood Wedding,1981,https://boxd.it/XDU,4
2025-01-29,The Hypothesis of the Stolen Painting,1978,https://boxd.it/372S,4
2025-02-06,A Gentle Woman,1969,https://boxd.it/qSM,3.5
2025-02-20,The Brutalist,2024,https://boxd.it/k4BO,3.5
2025-02-23,The Gorge,2025,https://boxd.it/zRqK,1.5
2025-03-02,"His Motorbike, Her Island",1986,https://boxd.it/9uk8,4
2025-03-03,"Birds, Orphans and Fools",1969,https://boxd.it/JBU,3.5
2025-04-05,Ninotchka,1939,https://boxd.it/2802,3.5
2025-04-17,The Hangover,2009,https://boxd.it/1GjK,2.5
2025-04-19,Black Mirror: Eulogy,2025,https://boxd.it/U1Ww,3.5
2025-04-22,Café Flesh,1982,https://boxd.it/2l92,3.5
2025-04-22,Conclave,2024,https://boxd.it/AO8q,3.5
2025-04-25,Sun and Concrete,2023,https://boxd.it/yuFq,3.5
2025-05-03,Souleymane's Story,2024,https://boxd.it/HQVy,4
2025-05-11,Kaili Blues,2015,https://boxd.it/cksW,4.5
2025-05-25,The Color of Pomegranates,1969,https://boxd.it/1u94,4
2025-05-28,Happyend,2024,https://boxd.it/rnUa,4.5
2025-05-30,Drifting Clouds,1996,https://boxd.it/20tU,4
2025-05-31,Songs from the Second Floor,2000,https://boxd.it/1eoM,4
2025-06-08,Sinners,2025,https://boxd.it/KQMM,3.5
2025-06-22,Brideshead Revisited,1981,https://boxd.it/fFik,4
2025-06-29,Om Dar-B-Dar,1988,https://boxd.it/784I,3.5
2025-07-06,Roseblood,1974,https://boxd.it/hn7W,5
2025-07-19,Pride and Prejudice,1995,https://boxd.it/g97G,4
2025-07-27,Mysteries of Lisbon,2010,https://boxd.it/UIos,4.5
2025-08-14,Ninja Assassin,2009,https://boxd.it/1zZ0,2
2025-08-16,The Naked Gun: From the Files of Police Squad!,1988,https://boxd.it/18YE,3
2025-08-26,Phir Hera Pheri,2006,https://boxd.it/1DCk,2
2025-08-31,Neon Genesis Evangelion: The End of Evangelion,1997,https://boxd.it/1GRM,5
2025-09-18,Crash,1996,https://boxd.it/29n2,3.5
2025-09-25,One Battle After Another,2025,https://boxd.it/DUHM,4
2025-09-27,Pulse,2001,https://boxd.it/1s3y,4.5
2025-09-28,Everyone Else,2009,https://boxd.it/1eOq,4
2025-10-14,Who's Afraid of Virginia Woolf?,1966,https://boxd.it/2atK,4
2025-11-16,It Was Just an Accident,2025,https://boxd.it/TX2k,4
2025-11-23,No Other Choice,2025,https://boxd.it/nKiA,4.5
2025-11-24,Homebound,2025,https://boxd.it/KDDs,4
2025-11-29,Bugonia,2025,https://boxd.it/qeWY,3.5
2025-12-08,Sentimental Value,2025,https://boxd.it/GwcG,4
2025-12-21,Sidewalls,2011,https://boxd.it/2EiM,3.5
2025-12-22,Tatsuki Fujimoto 17-26,2025,https://boxd.it/YcZ0,4
2025-12-23,Tony Takitani,2004,https://boxd.it/1nR4,3.5
2025-12-24,The Match Factory Girl,1990,https://boxd.it/20Je,3
2025-12-24,"Dearest Relatives, Poisonous Relations",1992,https://boxd.it/1y8O,3.5
2025-12-26,Tokyo Story,1953,https://boxd.it/1HuY,4.5
2025-12-27,Mirror,1975,https://boxd.it/28Q8,4.5
2025-12-28,Ordet,1955,https://boxd.it/Jiy,4
2025-12-29,Eternity and a Day,1998,https://boxd.it/1wSq,5
2025-12-29,Voices Through Time,1996,https://boxd.it/64Lc,4
2025-12-30,Toby Dammit,1968,https://boxd.it/12tDS,4
2025-12-31,The Addiction,1995,https://boxd.it/1cZQ,3.5
2026-01-05,The Opening of Misty Beethoven,1976,https://boxd.it/2l3y,3
2026-01-06,Reflection in a Dead Diamond,2025,https://boxd.it/CjmU,3.5
2026-01-10,Damnation,1988,https://boxd.it/1E28,4
2026-01-12,Landscape Suicide,1986,https://boxd.it/46To,4
2026-01-18,Shortbus,2006,https://boxd.it/28So,3
2026-01-24,Afire,2023,https://boxd.it/y06K,3.5
2026-01-25,Exotica,1994,https://boxd.it/1DXW,3.5
2026-02-01,The Idiots,1998,https://boxd.it/2amu,4
2026-02-10,Hamnet,2025,https://boxd.it/woVy,3.5
2026-02-12,Marty Supreme,2025,https://boxd.it/Off0,4
2026-02-16,Van Gogh,1991,https://boxd.it/23Tc,3.5
2026-02-20,The Wayward Cloud,2005,https://boxd.it/1aYQ,4.5
2026-03-04,Hail Mary,1985,https://boxd.it/1gDk,3.5
2026-03-15,Calendar,1993,https://boxd.it/2Wg0,4
2026-03-16,The Doom Generation,1995,https://boxd.it/1PVe,2.5
2026-03-21,The Adjuster,1991,https://boxd.it/Yvs,3
2026-03-27,Liza,1972,https://boxd.it/9uI,1
2026-03-29,Spring Breakers,2012,https://boxd.it/421s,3
2026-03-29,Blow-Up,1966,https://boxd.it/2966,3
2026-04-05,The Beast,2023,https://boxd.it/yqmk,5
2026-04-06,Resurrection,2025,https://boxd.it/x9DG,4
2026-04-11,Love,2015,https://boxd.it/9brE,2.5
2026-04-20,Summer with Monika,1953,https://boxd.it/JZC,3.5
2026-05-03,The Devil Wears Prada 2,2026,https://boxd.it/Oags,2
2026-05-19,Julien Donkey-Boy,1999,https://boxd.it/VNI,3.5
2026-05-20,The Tall T,1957,https://boxd.it/UX8,4
2026-06-03,First Reformed,2017,https://boxd.it/go9C,4.5
2026-06-05,"Two Seasons, Two Strangers",2025,https://boxd.it/Ud2U,2.5
2026-06-05,1st Kiss,2025,https://boxd.it/OIke,4
2026-07-03,Obsession,2025,https://boxd.it/PNqo,3.5
2026-07-06,Travolta and Me,1993,https://boxd.it/8BCc,4
2026-07-08,Grass Labyrinth,1979,https://boxd.it/FqI,4
2026-07-10,El Sur,1983,https://boxd.it/JbM,4.5
2026-07-10,The Chess Players,1977,https://boxd.it/2Oko,3.5
2026-07-12,Taipei Suicide Story,2020,https://boxd.it/rPVK,3.5
2026-07-13,Sparsh,1980,https://boxd.it/5lfq,3.5
2026-07-14,Kaagaz Ke Phool,1959,https://boxd.it/vLG,3.5
2026-08-03,The Odyssey,2026,https://boxd.it/QFQU,4
2026-08-10,Spider-Man: Brand New Day,2026,https://boxd.it/ACJE,3
