Date,Content
2021-01-14,https://boxd.it/1xYOhh
2021-01-19,https://boxd.it/jgyI5
2021-01-19,https://boxd.it/1jxa3f
2021-01-19,https://boxd.it/oXQIN
2021-02-12,https://boxd.it/y9oJ
2021-03-14,https://boxd.it/Mv6iz
2021-03-14,https://boxd.it/yihVv
2021-03-14,https://boxd.it/eUKBP
2021-03-14,https://boxd.it/cQdJb
2021-03-14,https://boxd.it/1E1dtb
2021-04-17,https://boxd.it/1Ksvzp
2021-04-18,https://boxd.it/HO6jv
2021-04-21,https://boxd.it/18dfXj
2021-05-14,https://boxd.it/qLJK7
2021-05-29,https://boxd.it/H1Fnp
2021-06-02,https://boxd.it/G9RiX
2021-06-18,https://boxd.it/1VUXZF
2021-08-28,https://boxd.it/1MAqp
2021-09-18,https://boxd.it/1wTrGJ
2021-10-26,https://boxd.it/1lOXXX
2021-12-31,https://boxd.it/2ns6vN
2022-03-06,https://boxd.it/2CXFU1
2022-04-10,https://boxd.it/2JF43L
2022-09-19,https://boxd.it/3ecDKr
2022-10-05,https://boxd.it/3h2ElT
2025-12-29,https://boxd.it/OzJDH
