Date,Name,Year,Letterboxd URI,Rating,Rewatch,Tags,Watched Date
2020-01-11,Inception,2010,https://boxd.it/WcBqL,4.5,,,2016-01-08
2020-01-11,Harry Potter and the Philosopher's Stone,2001,https://boxd.it/WcBDv,3.5,,,2016-01-08
2020-01-11,Dabangg,2010,https://boxd.it/WcBtF,3,,,2016-01-10
2020-01-11,Bodyguard,2011,https://boxd.it/WcBvB,3,,,2016-01-10
2020-01-11,Harry Potter and the Chamber of Secrets,2002,https://boxd.it/WcBHR,3,,,2016-01-14
2020-01-11,Harry Potter and the Prisoner of Azkaban,2004,https://boxd.it/WcBIF,3.5,,,2016-01-14
2020-01-11,Harry Potter and the Goblet of Fire,2005,https://boxd.it/WcBKB,4,,,2016-01-14
2020-01-11,Harry Potter and the Order of the Phoenix,2007,https://boxd.it/WcBQ5,3.5,,,2016-01-14
2020-01-11,Harry Potter and the Half-Blood Prince,2009,https://boxd.it/WcBVp,4,,,2016-01-22
2020-01-11,Kis Kisko Pyaar Karoon,2015,https://boxd.it/WcBVT,3,,,2016-01-29
2020-01-11,Harry Potter and the Deathly Hallows: Part 1,2010,https://boxd.it/WcCwv,3.5,,,2016-01-29
2020-01-11,Slumdog Millionaire,2008,https://boxd.it/WcBfD,4.5,,,2016-02-04
2020-01-11,Fitoor,2016,https://boxd.it/WcBWH,2.5,,,2016-02-15
2020-01-11,Irudhi Suttru,2016,https://boxd.it/WcC6d,2.5,,,2016-02-15
2020-01-11,Guardians of the Galaxy,2014,https://boxd.it/WcByF,3.5,,,2016-04-23
2020-01-11,The Impossible,2012,https://boxd.it/WcBu9,3.5,,,2016-05-28
2020-01-11,The Hunger Games,2012,https://boxd.it/WcBqV,4,,,2016-05-29
2020-01-11,The Great Gatsby,2013,https://boxd.it/WcBqh,4,,,2016-07-07
2020-01-11,A Wednesday!,2008,https://boxd.it/WcBpj,4,,,2016-07-22
2020-01-11,PK,2014,https://boxd.it/WcBBT,4,,,2016-07-22
2020-01-11,Ek Villain,2014,https://boxd.it/WcBJD,3.5,,,2016-07-22
2020-01-11,Badlapur,2015,https://boxd.it/WcBP7,4,,,2016-07-22
2020-01-11,Bajirao Mastani,2015,https://boxd.it/WcBPV,4,,,2016-07-22
2020-01-11,Piku,2015,https://boxd.it/WcBQz,3.5,,,2016-07-22
2020-01-11,Masaan,2015,https://boxd.it/WcBXP,4,,,2016-07-22
2020-01-11,Salaam Bombay!,1988,https://boxd.it/WcCyL,4,,,2016-07-22
2020-01-11,Madaari,2016,https://boxd.it/WcC8t,3.5,,,2016-07-25
2020-01-11,Constantine,2005,https://boxd.it/WcBNF,4,,,2016-08-04
2020-01-11,Ready,2011,https://boxd.it/WcBv7,2.5,,,2016-08-14
2020-01-11,Prem Ratan Dhan Payo,2015,https://boxd.it/WcBNv,2.5,,,2016-08-14
2020-01-11,Rustom,2016,https://boxd.it/WcC4V,3.5,,,2016-08-14
2020-01-11,Rang De Basanti,2006,https://boxd.it/WcBTN,4,,,2016-08-17
2020-01-11,Pyaar Ka Punchnama 2,2015,https://boxd.it/WcBWR,3,,,2016-08-24
2020-01-11,Airlift,2016,https://boxd.it/WcBWx,4,,,2016-08-27
2020-01-11,New York,2009,https://boxd.it/WcBpX,3.5,,,2016-09-14
2020-01-11,Cosmos,2014,https://boxd.it/WcBD1,4.5,,,2016-09-14
2020-01-11,Holiday,2014,https://boxd.it/WcBF7,3.5,,,2016-09-14
2020-01-11,Manjhi: The Mountain Man,2015,https://boxd.it/WcBLT,4,,,2016-09-14
2020-01-11,Dishoom,2016,https://boxd.it/WcBPh,2.5,,,2016-09-14
2020-01-11,Dilwale,2015,https://boxd.it/WcBX1,2.5,,,2016-09-14
2020-01-11,The Matrix,1999,https://boxd.it/WcBq7,4.5,,,2016-09-21
2020-01-11,Rock On!!,2008,https://boxd.it/WcBov,2.5,,,2016-09-25
2020-01-11,The Lunchbox,2013,https://boxd.it/WcBC3,3.5,,,2016-10-11
2020-01-11,Rockstar,2011,https://boxd.it/WcBwJ,3.5,,,2016-10-18
2020-01-11,The Theory of Everything,2014,https://boxd.it/WcBIb,4,,,2016-10-23
2020-01-11,Harry Potter and the Deathly Hallows: Part 2,2011,https://boxd.it/WcBnd,4.5,,,2016-10-27
2020-01-11,Bang Bang!,2014,https://boxd.it/WcBHx,3,,,2016-10-27
2020-01-11,3 Idiots,2009,https://boxd.it/WcBlV,4.5,,,2016-10-28
2020-01-11,Ghajini,2008,https://boxd.it/WcBlr,3,,,2016-11-02
2020-01-11,Bajrangi Bhaijaan,2015,https://boxd.it/WcBS1,3.5,,,2016-11-02
2020-01-11,Sivaji: The Boss,2007,https://boxd.it/WcC05,4,,,2016-11-02
2020-01-11,Like Stars on Earth,2007,https://boxd.it/WcCCD,4,,,2016-11-02
2020-01-11,Andaz Apna Apna,1994,https://boxd.it/WcBin,4,,,2017-01-20
2020-01-11,Gravity,2013,https://boxd.it/WcBrT,4,,,2017-01-21
2020-01-11,Raees,2017,https://boxd.it/WcBLz,3,,,2017-03-06
2020-01-11,12 Angry Men,1957,https://boxd.it/WcC2F,4.5,,,2017-03-06
2020-01-11,Ugly,2013,https://boxd.it/WcBHn,4,,,2017-03-27
2020-01-11,Guru,2007,https://boxd.it/WcC2l,3.5,,,2017-03-27
2020-01-11,Jolly LLB,2013,https://boxd.it/WcBFB,3.5,,,2017-06-12
2020-01-11,Half Girlfriend,2017,https://boxd.it/WcC7v,2,,,2017-06-12
2020-01-11,Hindi Medium,2017,https://boxd.it/WcC8X,4,,,2017-06-12
2020-01-11,Jagga Jasoos,2017,https://boxd.it/WcBUB,3,,,2017-08-28
2020-01-11,Lipstick Under My Burkha,2017,https://boxd.it/WcC0f,3.5,,,2017-08-31
2020-01-11,Anand,1971,https://boxd.it/WcCdt,4.5,,,2017-10-18
2020-01-11,Jaane Bhi Do Yaaro,1983,https://boxd.it/WcCst,4,,,2017-10-19
2020-01-11,Roja,1992,https://boxd.it/WcBhT,4,,,2017-10-20
2020-01-11,Se7en,1995,https://boxd.it/WcBkj,4.5,,,2017-10-20
2020-01-11,INT. CAFÉ – NIGHT,2014,https://boxd.it/WcBRR,4,,,2017-10-21
2020-01-11,The Bypass,2003,https://boxd.it/WcBSP,3.5,,,2017-10-21
2020-01-11,Ahalya,2015,https://boxd.it/WcC13,4,,,2017-10-21
2020-01-11,Taandav,2016,https://boxd.it/WcC7F,4,,,2017-10-21
2020-01-11,Kriti,2016,https://boxd.it/WcC97,3.5,,,2017-10-21
2020-01-11,Ouch,2000,https://boxd.it/WcCaT,4,,,2017-10-21
2020-01-11,Chutney,2016,https://boxd.it/WcCbn,4.5,,,2017-10-21
2020-01-11,It's Fine,2012,https://boxd.it/WcCcP,3,,,2017-10-21
2020-06-17,Ouch,2016,https://boxd.it/1cEQg7,4,,,2017-10-21
2021-12-20,Kheer,2017,https://boxd.it/2n8VDX,3,,,2017-10-21
2020-01-11,Carbon: A Story of Tomorrow,2017,https://boxd.it/WcChb,3,,,2017-11-18
2020-01-11,The Shawshank Redemption,1994,https://boxd.it/WcBjv,4.5,,,2017-12-04
2022-12-24,Kali-Katha: The Prologue to Ugly,2014,https://boxd.it/3zBcHp,4,,,2017-12-04
2020-01-11,Doodlebug,1997,https://boxd.it/WcBUh,4,,,2017-12-05
2020-01-11,Tubelight's Moon,2010,https://boxd.it/WcBxx,3.5,,,2017-12-19
2020-06-17,Geek Out,2013,https://boxd.it/1cEQ4P,3,,,2017-12-19
2020-01-11,Last Train To Mahakali,2000,https://boxd.it/WcByv,4.5,,,2018-01-12
2020-01-11,Nayantara's Necklace,2015,https://boxd.it/WcBWn,3.5,,,2018-01-12
2020-01-11,Mukkabaaz,2017,https://boxd.it/WcChl,4,,,2018-01-15
2020-01-11,Juice,2017,https://boxd.it/WcCl3,4.5,,,2018-01-16
2020-01-11,Dunkirk,2017,https://boxd.it/WcC2P,4.5,,,2018-02-19
2020-01-11,"Three Billboards Outside Ebbing, Missouri",2017,https://boxd.it/WcC2Z,4,,,2018-02-19
2020-01-11,Chupke Chupke,1975,https://boxd.it/WcChZ,4,,,2018-03-02
2020-01-11,Reservoir Dogs,1992,https://boxd.it/WcBhz,4.5,,,2018-03-03
2020-01-11,Maqbool,2003,https://boxd.it/WcBR3,4.5,,,2018-03-03
2020-01-11,The Pursuit of Happyness,2006,https://boxd.it/WcBXl,4,,,2018-03-03
2020-01-11,Psycho,1960,https://boxd.it/WcC7b,4.5,,,2018-03-03
2020-01-11,Reservoir Dogs,1991,https://boxd.it/WcCcv,3,,,2018-03-03
2020-01-11,Poor Pierrot,1892,https://boxd.it/WcBIl,4,,,2018-04-10
2020-01-11,Passage of Venus,1874,https://boxd.it/WcBJ9,3,,,2018-04-10
2020-01-11,Traffic Crossing Leeds Bridge,1888,https://boxd.it/WcBLJ,4,,,2018-04-10
2020-01-11,Roundhay Garden Scene,1888,https://boxd.it/WcBSv,3.5,,,2018-04-10
2020-01-11,Flight of the Large Blue Fly,1905,https://boxd.it/WcC5T,3.5,,,2018-04-10
2020-01-11,Rear Window,1954,https://boxd.it/WcBZr,4.5,,,2018-04-16
2020-01-11,Deewaar,1975,https://boxd.it/WcCiD,4,,,2018-04-16
2020-01-11,Avengers: Infinity War,2018,https://boxd.it/WcBV5,4.5,,,2018-05-04
2020-01-11,Babumoshai Bandookbaaz,2017,https://boxd.it/WcCdN,4,,,2018-05-16
2020-01-11,Mama's Boy,2007,https://boxd.it/WcCrF,3.5,,,2018-05-18
2022-12-24,Mama's Boy,2016,https://boxd.it/3zBd3l,3.5,,,2018-05-18
2020-01-11,Gol Maal,1979,https://boxd.it/WcCmP,4,,,2018-05-25
2020-01-11,Doctor Strange,2016,https://boxd.it/WcBol,3.5,,,2018-05-28
2020-01-11,The Kid,1921,https://boxd.it/WcBoF,4.5,,,2018-05-28
2020-01-11,Dial M for Murder,1954,https://boxd.it/WcBYN,4,,,2018-05-28
2020-01-11,Witness for the Prosecution,1957,https://boxd.it/WcC4L,4.5,,,2018-05-28
2020-01-11,Angoor,1982,https://boxd.it/WcBAh,4.5,,,2018-05-30
2020-01-11,The Great Dictator,1940,https://boxd.it/WcBK7,4.5,,,2018-05-30
2020-01-11,Your Name.,2016,https://boxd.it/WcC6n,4.5,,,2018-05-30
2020-01-11,The Gold Rush,1925,https://boxd.it/WcBtl,4.5,,,2018-05-31
2020-01-11,Bicycle Thieves,1948,https://boxd.it/WcBTD,4.5,,,2018-06-01
2020-01-11,Paths of Glory,1957,https://boxd.it/WcC3t,4.5,,,2018-06-01
2020-01-11,Snatch,2000,https://boxd.it/WcByZ,4,,,2018-06-02
2020-01-11,City Lights,1931,https://boxd.it/WcBAr,4.5,,,2018-06-03
2020-01-11,1: Nenokkadine,2014,https://boxd.it/WcBCd,4.5,,,2018-06-03
2020-01-11,Dr. Strangelove or: How I Learned to Stop Worrying and Love the Bomb,1964,https://boxd.it/WcC89,4.5,,,2018-06-04
2020-01-11,The Legend of Bhagat Singh,2002,https://boxd.it/WcBJN,4,,,2018-06-05
2020-01-11,Full Metal Jacket,1987,https://boxd.it/WcCwF,4.5,,,2018-06-05
2020-01-11,Gangs of Wasseypur – Part 1,2012,https://boxd.it/WcByb,4.5,,,2018-06-06
2020-01-11,Vertigo,1958,https://boxd.it/WcC5z,4.5,,,2018-06-06
2020-01-11,Hans Zimmer: Live in Prague,2017,https://boxd.it/WcC8N,5,,,2018-06-06
2020-01-11,Chinatown,1974,https://boxd.it/WcCgH,4.5,,,2018-06-06
2020-01-11,Khosla Ka Ghosla!,2006,https://boxd.it/WcBXZ,4.5,,,2018-06-07
2020-01-11,Spider-Man: Homecoming,2017,https://boxd.it/WcBB5,3.5,,,2018-06-08
2020-01-11,Batman Begins,2005,https://boxd.it/WcBPL,4,,,2018-06-08
2020-01-11,The Lives of Others,2006,https://boxd.it/WcBTj,4.5,,,2018-06-08
2020-01-11,Léon: The Professional,1994,https://boxd.it/WcBjb,4.5,,,2018-06-09
2020-01-11,One Flew Over the Cuckoo's Nest,1975,https://boxd.it/WcCjh,4.5,,,2018-06-09
2020-01-11,Nayakan,1987,https://boxd.it/WcCwP,4.5,,,2018-06-12
2020-01-11,The Night Of,2016,https://boxd.it/WcBDb,4.5,,,2018-06-13
2020-01-11,Wild Tales,2014,https://boxd.it/WcBIv,4,,,2018-06-13
2020-01-11,Sherlock Jr.,1924,https://boxd.it/WcBsx,4,,,2018-06-14
2020-01-11,Vikram Vedha,2017,https://boxd.it/WcCap,4.5,,,2018-06-14
2020-01-11,Whiplash,2014,https://boxd.it/WcBFr,4.5,,,2018-06-15
2020-01-11,Lust Stories,2018,https://boxd.it/WcCrP,3.5,,,2018-06-15
2020-01-11,Gulaal,2009,https://boxd.it/WcBp9,4,,,2018-06-16
2020-01-11,The Grand Budapest Hotel,2014,https://boxd.it/WcBBp,4,,,2018-06-16
2020-01-11,Dil Chahta Hai,2001,https://boxd.it/WcBHH,4,,,2018-06-16
2020-01-11,Guide,1965,https://boxd.it/WcC9r,4.5,,,2018-06-16
2020-01-11,Udaan,2010,https://boxd.it/WcBtZ,4,,,2018-06-17
2020-01-11,Sunrise: A Song of Two Humans,1927,https://boxd.it/WcBx3,4.5,,,2018-06-18
2020-01-11,Omkara,2006,https://boxd.it/WcC1d,4,,,2018-06-18
2020-01-11,The Apartment,1960,https://boxd.it/WcC71,4.5,,,2018-06-19
2020-01-11,Immortal Beloved,1994,https://boxd.it/WcBiR,3.5,,,2018-06-20
2020-01-11,Sanju,2018,https://boxd.it/WcCc1,4.5,,,2018-06-30
2020-01-11,Theeran Adhigaaram Ondru,2017,https://boxd.it/WcCgn,4.5,,,2018-07-01
2020-01-11,Dhuruvangal Pathinaaru,2016,https://boxd.it/WcCbR,4.5,,,2018-07-06
2020-01-11,Chhuri,2017,https://boxd.it/WcCqn,3.5,,,2018-07-10
2020-01-11,City of God,2002,https://boxd.it/WcBJt,4.5,,,2018-07-11
2020-01-11,Prisoners,2013,https://boxd.it/WcBr5,4,,,2018-07-13
2020-01-11,Modern Times,1936,https://boxd.it/WcBGz,4.5,,,2018-07-17
2020-01-11,Raazi,2018,https://boxd.it/WcCgx,4,,,2018-07-17
2020-01-11,Soodhu Kavvum,2013,https://boxd.it/WcBHd,4,,,2018-07-18
2020-01-11,Kill Bill: Vol. 1,2003,https://boxd.it/WcBG5,4.5,,,2018-07-20
2020-01-11,Thani Oruvan,2015,https://boxd.it/WcC2b,4.5,,,2018-07-20
2020-01-11,Masoom,1983,https://boxd.it/WcCsN,4.5,,,2018-07-21
2020-01-11,Fight Club,1999,https://boxd.it/WcBqB,4.5,,,2018-07-22
2020-01-11,Following,1998,https://boxd.it/WcBsH,4.5,,,2018-07-22
2020-01-11,Memento,2000,https://boxd.it/WcBzt,4.5,,,2018-07-22
2020-01-11,GoodFellas,1990,https://boxd.it/WcCD7,4.5,,,2018-07-22
2020-01-11,Forrest Gump,1994,https://boxd.it/WcBiH,4.5,,,2018-07-23
2020-01-11,Pulp Fiction,1994,https://boxd.it/WcBjl,4.5,,,2018-07-23
2020-01-11,The Green Mile,1999,https://boxd.it/WcBnx,4.5,,,2018-07-23
2020-01-11,Casablanca,1942,https://boxd.it/WcBM3,4.5,,,2018-07-23
2020-01-11,It's a Wonderful Life,1946,https://boxd.it/WcBSb,4.5,,,2018-07-24
2020-01-11,Bāhubali: The Beginning,2015,https://boxd.it/WcBFL,4,,,2018-07-25
2020-01-11,Bāhubali 2: The Conclusion,2017,https://boxd.it/WcC0T,4,,,2018-07-25
2020-01-11,Interstellar,2014,https://boxd.it/WcCpT,4.5,,,2018-07-25
2020-01-11,The Shining,1980,https://boxd.it/WcCpJ,4.5,,,2018-07-26
2020-01-11,Parmanu: The Story of Pokhran,2018,https://boxd.it/WcCer,4.5,,,2018-07-27
2020-01-11,Arjun Reddy,2017,https://boxd.it/WcCj7,4.5,,,2018-07-28
2020-01-11,Sairat,2016,https://boxd.it/WcC6x,4.5,,,2018-07-29
2020-01-11,One Heart: The A.R. Rahman Concert Film,2017,https://boxd.it/WcCcl,5,,,2018-07-31
2020-01-11,Citizen Kane,1941,https://boxd.it/WcBL5,4.5,,,2018-08-01
2020-01-11,Anbe Sivam,2003,https://boxd.it/WcBON,4.5,,,2018-08-01
2020-01-11,Grave of the Fireflies,1988,https://boxd.it/WcCyh,4.5,,,2018-08-04
2020-01-11,Company,2002,https://boxd.it/WcBI1,4.5,,,2018-08-05
2020-01-11,Premam,2015,https://boxd.it/WcBYt,4.5,,,2018-08-10
2020-09-29,Rick and Morty vs. Genocider,2020,https://boxd.it/1nuLy5,5,,,2018-08-11
2020-01-11,Sadma,1983,https://boxd.it/WcCth,4.5,,,2018-08-15
2020-01-11,Taxi Driver,1976,https://boxd.it/WcCjV,4.5,,,2018-08-16
2020-01-11,Kill Bill: Vol. 2,2004,https://boxd.it/WcBQJ,4,,,2018-08-22
2020-01-11,Double Indemnity,1944,https://boxd.it/WcBOX,4.5,,,2018-08-26
2020-01-11,Queen,2013,https://boxd.it/WcBKL,4,,,2018-08-27
2020-01-11,American History X,1998,https://boxd.it/WcBnn,4.5,,,2018-08-28
2020-01-11,Black Mirror: White Christmas,2014,https://boxd.it/WcBSF,5,,,2018-08-29
2020-06-17,Harmony with A. R. Rahman,2018,https://boxd.it/1cEQnH,5,,,2018-09-04
2020-01-11,Oldboy,2003,https://boxd.it/WcBO9,4.5,,,2018-09-07
2020-01-11,Back to Backspace,2014,https://boxd.it/WcBBJ,4.5,,,2018-09-10
2021-07-01,backspace,2021,https://boxd.it/1XH9Vv,4.5,,,2018-09-10
2021-12-20,Backspace,2012,https://boxd.it/2n8Vtt,4.5,,,2018-09-10
2020-01-11,Jai Ho,2014,https://boxd.it/WcBW3,4,,,2018-09-13
2020-01-11,Baby Driver,2017,https://boxd.it/WcBSl,3.5,,,2018-09-23
2020-01-11,A Clockwork Orange,1971,https://boxd.it/WcCdD,4.5,,,2018-09-26
2020-01-11,Indiscretion,2016,https://boxd.it/WcChF,4.5,,,2018-09-27
2020-09-29,The Affair,2017,https://boxd.it/1nuLLN,4.5,,,2018-09-27
2020-01-11,Amélie,2001,https://boxd.it/WcBzN,4.5,,,2018-09-30
2020-01-11,The Pianist,2002,https://boxd.it/WcBEX,4.5,,,2018-10-06
2020-01-11,Inglourious Basterds,2009,https://boxd.it/WcBNP,4.5,,,2018-10-07
2020-01-11,The Departed,2006,https://boxd.it/WcBU7,4.5,,,2018-10-08
2020-01-11,Dangal,2016,https://boxd.it/WcC39,4.5,,,2018-10-08
2020-01-11,Pink,2016,https://boxd.it/WcC7P,4,,,2018-10-09
2020-01-11,The Lion King,1994,https://boxd.it/WcBj1,4.5,,,2018-10-10
2020-01-11,Destiny,2012,https://boxd.it/WcBKr,3.5,,,2018-10-12
2020-01-11,Saving Private Ryan,1998,https://boxd.it/WcBo1,4.5,,,2018-10-13
2020-01-11,The Piano Tuner,2010,https://boxd.it/WcBxn,4,,,2018-10-13
2020-01-11,Andhadhun,2018,https://boxd.it/WcCor,4.5,,,2018-10-13
2020-01-11,Coco,2017,https://boxd.it/WcBCn,4.5,,,2018-10-15
2020-01-11,The Dark Knight,2008,https://boxd.it/WcBYD,4.5,,,2018-10-15
2020-01-11,Kahaani,2012,https://boxd.it/WcBwp,4.5,,,2018-10-16
2020-01-11,Gunda,1998,https://boxd.it/WcC21,4,,,2018-10-30
2020-01-11,Vaastav,1999,https://boxd.it/WcBAB,4,,,2018-11-04
2020-01-11,Django Unchained,2012,https://boxd.it/WcBxd,4.5,,,2018-11-05
2020-01-11,North by Northwest,1959,https://boxd.it/WcC6H,4.5,,,2018-11-07
2020-01-11,96,2018,https://boxd.it/WcCfT,4.5,,,2018-11-08
2020-01-11,My Name Is Khan,2010,https://boxd.it/WcBmz,4,,,2018-11-17
2020-01-11,Swades,2004,https://boxd.it/WcBOD,4,,,2018-11-17
2020-01-11,Spirited Away,2001,https://boxd.it/WcBE9,4.5,,,2018-11-22
2020-01-11,Triangle,2009,https://boxd.it/WcBm5,4,,,2018-11-25
2020-01-11,Jo Jeeta Wohi Sikandar,1992,https://boxd.it/WcBh5,4,,,2018-11-30
2020-01-11,Tumbbad,2018,https://boxd.it/WcCqd,4.5,,,2018-11-30
2020-01-11,A Star Is Born,2018,https://boxd.it/WcBsn,4,,,2018-12-01
2020-01-11,2.0,2018,https://boxd.it/WcC3j,4,,,2018-12-01
2020-01-11,Dumb and Dumber,1994,https://boxd.it/WcBix,3.5,,,2018-12-13
2020-01-11,Spider-Man: Into the Spider-Verse,2018,https://boxd.it/WcBXF,4.5,,,2018-12-16
2020-01-11,Vada Chennai,2018,https://boxd.it/WcC9B,4.5,,,2018-12-16
2020-01-11,Manichitrathazhu,1993,https://boxd.it/WcBA7,4.5,,,2018-12-22
2020-01-11,Rope,1948,https://boxd.it/WcBTX,4,,,2018-12-22
2020-01-11,Touch of Evil,1958,https://boxd.it/WcC5f,4.5,,,2018-12-22
2020-01-11,K.G.F: Chapter 1,2018,https://boxd.it/WcCmb,4.5,,,2018-12-23
2020-01-11,Stree,2018,https://boxd.it/WcCoL,4,,,2018-12-23
2020-01-11,The Intouchables,2011,https://boxd.it/WcBuN,4.5,,,2018-12-24
2020-01-11,Let's Be Cops,2014,https://boxd.it/WcBxH,3,,,2018-12-25
2020-01-11,Ratsasan,2018,https://boxd.it/WcCgd,4.5,,,2018-12-25
2020-01-11,The Usual Suspects,1995,https://boxd.it/WcBkX,4.5,,,2018-12-26
2020-01-11,Nightcrawler,2014,https://boxd.it/WcBGT,4,,,2018-12-26
2020-01-11,It,2017,https://boxd.it/WcBrf,3.5,,,2018-12-29
2020-01-11,Black Mirror: Bandersnatch,2018,https://boxd.it/WcCxD,5,,,2018-12-29
2020-01-11,Monty Python and the Holy Grail,1975,https://boxd.it/WcChv,4,,,2019-01-01
2020-01-11,Pariyerum Perumal,2018,https://boxd.it/WcCq3,4.5,,,2019-01-01
2020-01-11,WALL·E,2008,https://boxd.it/WcCvH,4.5,,,2019-01-01
2020-01-11,The Lord of the Rings: The Fellowship of the Ring,2001,https://boxd.it/WcBnR,4.5,,,2019-01-02
2020-01-11,The Dark Knight Rises,2012,https://boxd.it/WcBqr,4.5,,,2019-01-02
2020-01-11,Toy Story,1995,https://boxd.it/WcBkt,4.5,,,2019-01-03
2020-01-11,American Beauty,1999,https://boxd.it/WcBuX,4.5,,,2019-01-03
2020-01-11,The Silence of the Lambs,1991,https://boxd.it/WcBgh,4.5,,,2019-01-04
2020-01-11,Badhaai Ho,2018,https://boxd.it/WcCld,4,,,2019-01-04
2020-01-11,The Wolf of Wall Street,2013,https://boxd.it/WcCCX,4.5,,,2019-01-04
2020-01-11,The Godfather,1972,https://boxd.it/WcCeL,4.5,,,2019-01-05
2020-01-11,Gladiator,2000,https://boxd.it/WcBvh,4.5,,,2019-01-06
2020-01-11,Creed,2015,https://boxd.it/WcBIP,3.5,,,2019-01-12
2020-01-11,Roma,2018,https://boxd.it/WcCaz,4.5,,,2019-01-15
2020-01-11,Uri: The Surgical Strike,2019,https://boxd.it/WcCqR,4.5,,,2019-01-20
2020-01-11,Gentleman,1993,https://boxd.it/WcC0p,3.5,,,2019-01-21
2020-01-11,Pyaasa,1957,https://boxd.it/WcC3N,4.5,,,2019-01-21
2020-01-11,Zakir Khan: Kaksha Gyarvi,2018,https://boxd.it/WcCvx,4,,,2019-01-21
2020-01-11,Chhoti Si Baat,1976,https://boxd.it/WcChP,4,,,2019-01-23
2020-01-11,Bombay,1995,https://boxd.it/WcBjF,4,,,2019-01-24
2020-01-11,L.A. Confidential,1997,https://boxd.it/WcBn3,4.5,,,2019-01-25
2020-01-11,The Prestige,2006,https://boxd.it/WcC0z,4.5,,,2019-01-25
2020-01-11,Bohemian Rhapsody,2018,https://boxd.it/WcBvr,4.5,,,2019-01-26
2020-01-11,Sunset Boulevard,1950,https://boxd.it/WcBVJ,4.5,,,2019-01-26
2020-01-11,Aruvi,2016,https://boxd.it/WcC9h,4.5,,,2019-01-26
2020-01-11,"Lock, Stock and Two Smoking Barrels",1998,https://boxd.it/WcBnH,4.5,,,2019-01-28
2020-01-11,Bangalore Days,2014,https://boxd.it/WcBOj,4,,,2019-01-28
2020-01-11,Mayabazar,1957,https://boxd.it/WcBED,4,,,2019-01-29
2020-01-11,Back to the Future,1985,https://boxd.it/WcCup,4.5,,,2019-01-29
2020-01-11,Twelve Monkeys,1995,https://boxd.it/WcBkN,4.5,,,2019-01-30
2020-01-11,Casino,1995,https://boxd.it/WcBjZ,4.5,,,2019-01-31
2020-01-11,Requiem for a Dream,2000,https://boxd.it/WcBwf,4.5,,,2019-01-31
2020-01-11,The Chaos Class,1975,https://boxd.it/WcBEN,4.5,,,2019-01-31
2020-01-11,Black Swan,2010,https://boxd.it/WcCxt,4,,,2019-02-07
2020-01-11,Sin City,2005,https://boxd.it/WcBT9,4,,,2019-02-08
2020-01-11,Raiders of the Lost Ark,1981,https://boxd.it/WcCrb,4.5,,,2019-02-08
2020-01-11,Thalapathi,1991,https://boxd.it/WcBfN,4.5,,,2019-02-09
2020-01-11,Eternal Sunshine of the Spotless Mind,2004,https://boxd.it/WcBLp,4.5,,,2019-02-10
2020-01-11,No Country for Old Men,2007,https://boxd.it/WcBZL,4,,,2019-02-10
2020-01-11,Green Book,2018,https://boxd.it/WcCeV,4.5,,,2019-02-10
2020-01-11,Raging Bull,1980,https://boxd.it/WcCpp,4.5,,,2019-02-10
2020-01-11,Bawarchi,1972,https://boxd.it/WcCeh,4.5,,,2019-02-13
2020-01-11,Padosan,1968,https://boxd.it/WcCbH,4,,,2019-02-14
2020-01-11,Kaththi,2014,https://boxd.it/WcBRx,4,,,2019-02-19
2020-01-11,Inception: The Cobol Job,2010,https://boxd.it/WcC63,4,,,2019-02-19
2020-01-11,Good Will Hunting,1997,https://boxd.it/WcBmT,4,,,2019-02-20
2020-01-11,Paan Singh Tomar,2012,https://boxd.it/WcBtP,4,,,2019-02-20
2020-01-11,Delhi Belly,2011,https://boxd.it/WcBxR,4,,,2019-02-20
2020-01-11,Trainspotting,1996,https://boxd.it/WcBlB,4.5,,,2019-02-21
2020-01-11,Zindagi Na Milegi Dobara,2011,https://boxd.it/WcBsR,4.5,,,2019-02-22
2020-01-11,Theri,2016,https://boxd.it/WcC7l,3.5,,,2019-02-22
2020-01-11,Akira,1988,https://boxd.it/WcCx9,4.5,,,2019-02-22
2020-01-11,Gully Boy,2019,https://boxd.it/WcBCR,4.5,,,2019-02-23
2020-01-11,Fargo,1996,https://boxd.it/WcBlh,4.5,,,2019-02-24
2020-01-11,Ustad Hotel,2012,https://boxd.it/WcBAV,4,,,2019-02-27
2020-01-11,The Favourite,2018,https://boxd.it/WcC3D,4,,,2019-02-27
2020-01-11,"Monsters, Inc.",2001,https://boxd.it/WcByl,4.5,,,2019-02-28
2020-01-11,Nil Battey Sannata,2016,https://boxd.it/WcC2v,4.5,,,2019-02-28
2020-01-11,To Kill a Mockingbird,1962,https://boxd.it/WcC7Z,4,,,2019-02-28
2020-01-11,Finding Nemo,2003,https://boxd.it/WcBFV,4.5,,,2019-03-01
2020-01-11,Black Friday,2004,https://boxd.it/WcBSZ,4.5,,,2019-03-01
2020-01-11,Iqbal,2005,https://boxd.it/WcBXb,4,,,2019-03-02
2020-01-11,Talvar,2015,https://boxd.it/WcC1x,4.5,,,2019-03-02
2020-01-11,My Father and My Son,2005,https://boxd.it/WcBZB,4.5,,,2019-03-08
2020-01-11,"Love, Death & Robots: Sonnie's Edge",2019,https://boxd.it/WcCzp,4,,,2019-03-15
2020-01-11,"Love, Death & Robots: Three Robots",2019,https://boxd.it/WcCzz,3.5,,,2019-03-15
2020-01-11,"Love, Death & Robots: The Witness",2019,https://boxd.it/WcCzT,3.5,,,2019-03-15
2020-01-11,"Love, Death & Robots: Suits",2019,https://boxd.it/WcCA3,4,,,2019-03-15
2020-01-11,"Love, Death & Robots: Sucker of Souls",2019,https://boxd.it/WcCAd,3,,,2019-03-16
2020-01-11,"Love, Death & Robots: When the Yogurt Took Over",2019,https://boxd.it/WcCAn,4.5,,,2019-03-16
2020-01-11,"Love, Death & Robots: Beyond the Aquila Rift",2019,https://boxd.it/WcCAH,4.5,,,2019-03-16
2020-01-11,"Love, Death & Robots: Good Hunting",2019,https://boxd.it/WcCAR,4.5,,,2019-03-16
2020-01-11,"Love, Death & Robots: The Dump",2019,https://boxd.it/WcCB1,3,,,2019-03-16
2020-01-11,"Love, Death & Robots: Helping Hand",2019,https://boxd.it/WcCBl,3.5,,,2019-03-16
2020-01-11,"Love, Death & Robots: Alternate Histories",2019,https://boxd.it/WcCC9,3.5,,,2019-03-16
2022-10-05,"Love, Death & Robots: Blindspot",2019,https://boxd.it/3iab1v,3.5,,,2019-03-16
2020-01-11,The Imitation Game,2014,https://boxd.it/WcBzj,4.5,,,2019-03-17
2020-01-11,"Love, Death & Robots: When the Yogurt Took Over",2019,https://boxd.it/WcCyB,4,Yes,,2019-03-17
2020-01-11,"Love, Death & Robots: Shape-Shifters",2019,https://boxd.it/WcCBb,3.5,,,2019-03-17
2020-01-11,"Love, Death & Robots: Fish Night",2019,https://boxd.it/WcCBv,3.5,,,2019-03-17
2020-01-11,"Love, Death & Robots: Lucky 13",2019,https://boxd.it/WcCBF,4.5,,,2019-03-17
2020-01-11,"Love, Death & Robots: Zima Blue",2019,https://boxd.it/WcCBP,4.5,,,2019-03-17
2020-01-11,"Love, Death & Robots: Ice Age",2019,https://boxd.it/WcCBZ,4,,,2019-03-17
2020-01-11,"Love, Death & Robots: The Secret War",2019,https://boxd.it/WcCCj,4.5,,,2019-03-17
2023-10-08,"Love, Death & Robots: Three Robots",2019,https://boxd.it/4XJH4N,4,Yes,,2019-03-17
2020-01-11,Dallas Buyers Club,2013,https://boxd.it/WcCmv,4,,,2019-03-18
2020-01-11,Jaane Tu... Ya Jaane Na,2008,https://boxd.it/WcBZh,3.5,,,2019-03-19
2020-01-11,How to Train Your Dragon,2010,https://boxd.it/WcCuJ,4,,,2019-03-19
2020-01-11,Hera Pheri,2000,https://boxd.it/WcBDZ,4,,,2019-03-20
2020-01-11,Her,2013,https://boxd.it/WcBw5,4,,,2019-03-21
2020-01-11,2001: A Space Odyssey,1968,https://boxd.it/WcCb3,4.5,,,2019-03-21
2020-01-11,Pather Panchali,1955,https://boxd.it/WcC0J,4.5,,,2019-03-23
2020-01-11,Oye Lucky! Lucky Oye!,2008,https://boxd.it/WcBpt,4,,,2019-03-24
2020-01-11,Pan's Labyrinth,2006,https://boxd.it/WcBXv,4,,,2019-03-24
2020-01-11,Donnie Darko,2001,https://boxd.it/WcBEj,4.5,,,2019-03-25
2020-01-11,The Perks of Being a Wallflower,2012,https://boxd.it/WcBuj,4,,,2019-03-30
2020-01-11,Lion,2016,https://boxd.it/WcBQf,4,,,2019-04-06
2020-01-11,Children of Men,2006,https://boxd.it/WcByP,4.5,,,2019-04-07
2020-01-11,American Psycho,2000,https://boxd.it/WcBrp,3.5,,,2019-04-08
2020-01-11,The Machinist,2004,https://boxd.it/WcBNZ,4,,,2019-04-09
2020-01-11,Memories of Murder,2003,https://boxd.it/WcBN1,4.5,,,2019-04-10
2020-01-11,Million Dollar Baby,2004,https://boxd.it/WcBTt,4,,,2019-04-10
2020-01-11,The Girl with the Dragon Tattoo,2011,https://boxd.it/WcBt1,4,,,2019-04-11
2020-01-11,Braveheart,1995,https://boxd.it/WcBjP,4.5,,,2019-04-12
2020-01-11,Ratatouille,2007,https://boxd.it/WcBRH,4.5,,,2019-04-12
2020-01-11,The Game,1997,https://boxd.it/WcBmJ,4,,,2019-04-13
2020-01-11,The Big Lebowski,1998,https://boxd.it/WcBmf,4,,,2019-04-14
2020-01-11,Some Like It Hot,1959,https://boxd.it/WcC6R,4,,,2019-04-14
2020-01-11,Dead Poets Society,1989,https://boxd.it/WcCzf,4.5,,,2019-04-14
2020-01-11,Bareilly Ki Barfi,2017,https://boxd.it/WcCff,3.5,,,2019-04-15
2020-01-11,Peranbu,2018,https://boxd.it/WcCln,4.5,,,2019-04-15
2020-01-11,Hazaaron Khwaishein Aisi,2003,https://boxd.it/WcBUr,4,,,2019-04-16
2020-01-11,The King of Comedy,1982,https://boxd.it/WcCsD,4,,,2019-04-22
2020-01-11,Iron Man,2008,https://boxd.it/WcBPr,4,,,2019-04-24
2020-06-17,The Promised Neverland,2020,https://boxd.it/1cEQnx,5,,,2019-04-24
2020-01-11,Black Panther,2018,https://boxd.it/WcBwz,3.5,,,2019-04-25
2020-01-11,Thor: Ragnarok,2017,https://boxd.it/WcBMR,4,,,2019-04-25
2020-01-11,Ant-Man,2015,https://boxd.it/WcBZV,4,,,2019-04-25
2020-01-11,Captain America: The Winter Soldier,2014,https://boxd.it/WcBwT,4,,,2019-04-26
2020-01-11,The Avengers,2012,https://boxd.it/WcCs9,4,,,2019-04-26
2020-01-11,Avengers: Age of Ultron,2015,https://boxd.it/WcBCH,4,,,2019-04-27
2020-01-11,Captain America: Civil War,2016,https://boxd.it/WcBMn,4,,,2019-04-27
2020-01-11,Ant-Man and the Wasp,2018,https://boxd.it/WcC4r,4,,,2019-04-27
2020-01-11,Avengers: Endgame,2019,https://boxd.it/WcBVf,4.5,,,2019-04-28
2020-01-11,Badla,2019,https://boxd.it/WcCpf,4.5,,,2019-04-30
2020-01-11,The Killing,1956,https://boxd.it/WcC1H,4,,,2019-05-09
2020-01-11,Persona,1966,https://boxd.it/WcCa5,4,,,2019-05-09
2020-01-11,Capernaum,2018,https://boxd.it/WcCqx,4.5,,,2019-05-11
2020-01-11,To Let,2017,https://boxd.it/WcCfp,4.5,,,2019-05-12
2020-01-11,Hacksaw Ridge,2016,https://boxd.it/WcBzX,4,,,2019-05-13
2020-01-11,Howl's Moving Castle,2004,https://boxd.it/WcBMd,4.5,,,2019-05-24
2020-01-11,Upgrade,2018,https://boxd.it/WcCcF,4,,,2019-05-27
2020-01-11,The Terminator,1984,https://boxd.it/WcCuf,4,,,2019-05-27
2020-01-11,Chekka Chivantha Vaanam,2018,https://boxd.it/WcCml,3.5,,,2019-05-29
2020-01-11,Super Deluxe,2019,https://boxd.it/WcCg3,4.5,,,2019-05-30
2020-01-11,Us,2019,https://boxd.it/WcCeB,3.5,,,2019-05-31
2020-01-11,Mulholland Drive,2001,https://boxd.it/WcBut,4.5,,,2019-06-03
2020-01-11,Six Men Getting Sick,1967,https://boxd.it/WcCaf,2.5,,,2019-06-03
2020-01-11,The Alphabet,1969,https://boxd.it/WcCbd,4,,,2019-06-03
2020-01-11,In the Mood for Love,2000,https://boxd.it/WcBlL,4,,,2019-06-04
2020-01-11,Wild Strawberries,1957,https://boxd.it/WcC4B,4.5,,,2019-06-04
2020-01-11,Chernobyl,2019,https://boxd.it/WcCjr,5,,,2019-06-04
2020-01-11,Children of Heaven,1997,https://boxd.it/WcBmp,4,,,2019-06-05
2020-01-11,A Beautiful Mind,2001,https://boxd.it/WcBGf,4,,,2019-06-05
2020-01-11,The Sixth Sense,1999,https://boxd.it/WcBuD,4,,,2019-06-06
2020-01-11,Decalogue I,1989,https://boxd.it/WcCxN,4,,,2019-06-09
2020-01-11,Ghost in the Shell,1995,https://boxd.it/WcBk9,4.5,,,2019-06-10
2020-01-11,Decalogue II,1989,https://boxd.it/WcCy7,4,,,2019-06-10
2020-01-11,Aladdin,1992,https://boxd.it/WcBgL,4,,,2019-06-13
2020-01-11,The Exorcist,1973,https://boxd.it/WcCfJ,4.5,,,2019-06-14
2020-01-11,Amadeus,1984,https://boxd.it/WcCtL,4.5,,,2019-06-15
2020-01-11,Inside Out,2015,https://boxd.it/WcBzD,4.5,,,2019-06-19
2020-01-11,Lakshya,2004,https://boxd.it/WcBJX,3.5,,,2019-06-21
2020-01-11,Beats,2019,https://boxd.it/WcCsj,3,,,2019-06-29
2020-01-11,When They See Us,2019,https://boxd.it/WcCh1,4.5,,,2019-07-01
2020-01-11,Sonchiriya,2019,https://boxd.it/WcCoB,4,,,2019-07-04
2020-06-17,Dark Matter,2019,https://boxd.it/1cEPSJ,5,,,2019-07-07
2020-01-11,Karwaan,2018,https://boxd.it/WcCmF,4,,,2019-07-08
2020-01-11,Barfi!,2012,https://boxd.it/WcBz9,3.5,,,2019-07-10
2020-01-11,Drive,2011,https://boxd.it/WcClR,4,,,2019-07-10
2020-01-11,Kumbalangi Nights,2019,https://boxd.it/WcCrv,4.5,,,2019-07-11
2020-01-11,C/o Kancharapalem,2018,https://boxd.it/WcCjB,4.5,,,2019-07-12
2020-01-11,Shoplifters,2018,https://boxd.it/WcCnN,4.5,,,2019-07-21
2020-01-11,The Thing,1982,https://boxd.it/WcCrZ,4,,,2019-07-22
2020-01-11,Zombieland,2009,https://boxd.it/WcBl7,3.5,,,2019-07-23
2020-01-11,Hot Fuzz,2007,https://boxd.it/WcBVz,4,,,2019-07-25
2020-01-11,Cold War,2018,https://boxd.it/WcCcZ,4,,,2019-07-27
2020-01-11,In Bruges,2008,https://boxd.it/WcCm1,4,,,2019-07-27
2020-01-11,Presto,2008,https://boxd.it/WcBoP,4,,,2019-07-28
2020-01-11,Paperman,2012,https://boxd.it/WcBCx,4,,,2019-07-28
2020-01-11,Lost in Translation,2003,https://boxd.it/WcBLf,4,,,2019-07-28
2020-01-11,The Haunting of Hill House,2018,https://boxd.it/WcCe7,4.5,,,2019-07-28
2020-01-11,Bao,2018,https://boxd.it/WcCnX,3.5,,,2019-07-28
2020-01-11,Geri's Game,1997,https://boxd.it/WcBpN,4,,,2019-07-30
2020-01-11,Lifted,2006,https://boxd.it/WcCwZ,4.5,,,2019-07-30
2020-01-11,Loving Vincent,2017,https://boxd.it/WcBKh,4,,,2019-08-05
2020-01-11,Three Colours: Blue,1993,https://boxd.it/WcBid,4,,,2019-08-08
2020-01-11,For the Birds,2000,https://boxd.it/WcBEt,4,,,2019-08-08
2020-01-11,Manu,2018,https://boxd.it/WcCd9,4.5,,,2019-08-08
2020-01-11,Kick-Ass,2010,https://boxd.it/WcBoZ,4,,,2019-08-10
2020-01-11,(500) Days of Summer,2009,https://boxd.it/WcBg7,4,,,2019-08-11
2020-01-11,Birdman or (The Unexpected Virtue of Ignorance),2014,https://boxd.it/WcBFh,4,,,2019-08-11
2020-01-11,Juno,2007,https://boxd.it/WcBY9,3.5,,,2019-08-12
2020-01-11,A Quiet Place,2018,https://boxd.it/WcCdj,3.5,,,2019-08-13
2020-01-11,Star Wars,1977,https://boxd.it/WcCkp,4.5,,,2019-08-13
2020-01-11,The Empire Strikes Back,1980,https://boxd.it/WcCnD,4.5,,,2019-08-14
2020-01-11,Dog Day Afternoon,1975,https://boxd.it/WcCiX,4,,,2019-08-16
2020-01-11,Into the Wild,2007,https://boxd.it/WcCk5,4.5,,,2019-08-16
2020-01-11,Parasite,2019,https://boxd.it/WcCdX,4.5,,,2019-08-17
2020-01-11,The Tashkent Files,2019,https://boxd.it/WcCoV,4.5,,,2019-08-17
2020-01-11,Once Upon a Time... in Hollywood,2019,https://boxd.it/WcCgR,4.5,,,2019-08-18
2020-01-11,Sing Street,2016,https://boxd.it/WcBNl,3.5,,,2019-08-20
2020-01-11,Ocean's Eleven,2001,https://boxd.it/WcBDl,4,,,2019-08-21
2020-01-11,Groundhog Day,1993,https://boxd.it/WcBi3,4.5,,,2019-08-22
2020-01-11,The Graduate,1967,https://boxd.it/WcCaJ,4,,,2019-08-23
2020-01-11,Stand by Me,1986,https://boxd.it/WcCw1,4,,,2019-08-25
2020-01-11,The Others,2001,https://boxd.it/WcBBz,4,,,2019-08-27
2020-01-11,Rogue One: A Star Wars Story,2016,https://boxd.it/WcBQp,4,,,2019-08-27
2020-01-11,Article 15,2019,https://boxd.it/WcBgB,3.5,,,2019-08-30
2020-01-11,Anima,2019,https://boxd.it/WcBhp,4.5,,,2019-08-31
2020-01-11,Pain and Glory,2019,https://boxd.it/WcCr1,4,,,2019-09-01
2020-01-11,Booksmart,2019,https://boxd.it/WcBs3,4,,,2019-09-02
2020-01-11,Perfect Blue,1997,https://boxd.it/WcBtb,4.5,,,2019-09-03
2020-01-11,Game Over,2019,https://boxd.it/WcCuz,4,,,2019-09-04
2020-01-11,5 Centimeters per Second,2007,https://boxd.it/WcCCt,3.5,,,2019-09-04
2020-01-11,La La Land,2016,https://boxd.it/WcBQT,4.5,,,2019-09-08
2020-01-11,The Man Who Feels No Pain,2018,https://boxd.it/WcCnt,3.5,,,2019-09-08
2020-01-11,Once,2007,https://boxd.it/WcCvn,4,,,2019-09-08
2020-01-11,Terminator 2: Judgment Day,1991,https://boxd.it/WcBgr,4,,,2019-09-09
2020-01-11,Halloween,1978,https://boxd.it/WcClx,4,,,2019-09-12
2020-01-11,Spider-Man: Far From Home,2019,https://boxd.it/WcCbx,4,,,2019-09-13
2020-01-11,Life of Brian,1979,https://boxd.it/WcCn9,4.5,,,2019-09-13
2020-01-11,Over the Garden Wall,2014,https://boxd.it/WcBPB,4.5,,,2019-09-14
2020-01-11,Moonlight,2016,https://boxd.it/WcC1R,3.5,,,2019-09-14
2020-01-11,Scarface,1983,https://boxd.it/WcCtr,4.5,,,2019-09-14
2020-01-11,Aparajito,1956,https://boxd.it/WcC1n,4.5,,,2019-09-15
2020-01-11,Apur Sansar,1959,https://boxd.it/WcC5J,4.5,,,2019-09-15
2020-01-11,My Neighbor Totoro,1988,https://boxd.it/WcCyV,4.5,,,2019-09-15
2020-01-11,The Manson Family Massacre,2019,https://boxd.it/WcCz5,4,,,2019-09-22
2023-05-22,The Family Man Reunion,2019,https://boxd.it/4h3BYX,4,,,2019-09-22
2020-01-11,Super 30,2019,https://boxd.it/WcCjL,3.5,,,2019-09-25
2020-01-11,Midsommar,2019,https://boxd.it/WcCu5,4.5,,,2019-09-25
2020-01-11,Silver Linings Playbook,2012,https://boxd.it/WcBhf,4,,,2019-09-28
2020-01-11,Midnight in Paris,2011,https://boxd.it/WcBtv,4.5,,,2019-09-29
2020-01-11,Kannathil Muthamittal,2002,https://boxd.it/WcBIZ,4,,,2019-10-04
2020-01-11,Jersey,2019,https://boxd.it/WcCuT,4.5,,,2019-10-04
2020-01-11,Alaipayuthey,2000,https://boxd.it/WcBDF,4,,,2019-10-08
2020-01-11,Kirik Party,2016,https://boxd.it/WcC9V,4,,,2019-10-08
2020-01-11,Joker,2019,https://boxd.it/WcCiN,4.5,,,2019-10-13
2020-01-11,El Camino: A Breaking Bad Movie,2019,https://boxd.it/WcCwb,3.5,,,2019-10-16
2020-01-11,The Family Man,2000,https://boxd.it/WcCyr,4.5,,,2019-10-31
2020-01-11,The Farewell,2019,https://boxd.it/WcCtB,4.5,,,2019-11-03
2020-01-11,Jallikattu,2019,https://boxd.it/WcCtV,4,,,2019-11-03
2020-01-11,Chhichhore,2019,https://boxd.it/WcCvd,3.5,,,2019-11-04
2020-01-11,Asuran,2019,https://boxd.it/WcCxj,4.5,,,2019-11-08
2020-01-11,M,1931,https://boxd.it/WcBAL,4.5,,,2019-12-06
2020-01-11,Agent Sai Srinivasa Athreya,2019,https://boxd.it/WcBfX,4.5,,,2019-12-07
2020-01-11,Marriage Story,2019,https://boxd.it/WcCkf,4.5,,,2019-12-08
2020-06-17,Demon Slayer: Kimetsu no Yaiba,2019,https://boxd.it/1cEQp9,4.5,,,2019-12-08
2020-01-11,Blade Runner,1982,https://boxd.it/WcCrl,4,,,2019-12-09
2020-01-11,Kaithi,2019,https://boxd.it/WcCCN,3.5,,,2019-12-10
2020-01-11,Room,2015,https://boxd.it/WcBJj,4,,,2019-12-11
2020-01-11,Ex Machina,2015,https://boxd.it/WcBYX,4,,,2019-12-12
2020-01-11,Gone Girl,2014,https://boxd.it/WcBBf,4,,,2019-12-18
2020-01-11,The Irishman,2019,https://boxd.it/WcBpD,4.5,,,2019-12-20
2020-01-11,The Lighthouse,2019,https://boxd.it/WcCnj,4.5,,,2019-12-21
2020-09-29,The Hexer,2001,https://boxd.it/1nuLHL,4,,,2019-12-23
2020-01-11,The King's Speech,2010,https://boxd.it/WcBsd,4.5,,,2020-01-01
2020-01-11,Ford v Ferrari,2019,https://boxd.it/WcBy1,4.5,,,2020-01-04
2020-01-11,Klaus,2019,https://boxd.it/WcBZ7,4,,,2020-01-04
2020-01-11,Portrait of a Lady on Fire,2019,https://boxd.it/WcCt7,4.5,,,2020-01-04
2020-01-11,Troy,2004,https://boxd.it/WcBKV,4,,,2020-01-05
2020-01-11,Uncut Gems,2019,https://boxd.it/WcC8D,4.5,,,2020-01-06
2020-01-11,Dream Girl,2019,https://boxd.it/WcCwl,3.5,,,2020-01-06
2020-01-11,Section 375,2019,https://boxd.it/WcCpz,4,,,2020-01-07
2020-06-17,In a Heartbeat,2017,https://boxd.it/1cEQgV,3.5,,,2020-01-11
2020-06-17,Luxo Jr.,1986,https://boxd.it/1cEQoP,3.5,,,2020-01-11
2020-06-17,Eastern Promises,2007,https://boxd.it/1cEQjl,4,,,2020-01-12
2020-06-17,The Breakfast Club,1985,https://boxd.it/1cEQnR,3.5,,,2020-01-12
2020-06-17,The Handmaiden,2016,https://boxd.it/1cEQ7z,4.5,,,2020-01-13
2020-06-17,Day & Night,2010,https://boxd.it/1cEPZZ,4.5,,,2020-01-14
2020-06-17,Two,1965,https://boxd.it/1cEQ2z,5,,,2020-01-14
2020-06-17,Kung Fury,2015,https://boxd.it/1cEQ5N,4.5,,,2020-01-14
2020-06-17,Piper,2016,https://boxd.it/1cEQe1,4,,,2020-01-14
2020-06-17,Deadpool: No Good Deed,2017,https://boxd.it/1cEQgr,3,,,2020-01-14
2020-06-17,Goldman v Silverman,2020,https://boxd.it/1cEPUl,3.5,,,2020-01-17
2020-06-17,Ankhon Dekhi,2013,https://boxd.it/1cEQ6r,3.5,,,2020-01-17
2020-06-17,Lady Bird,2017,https://boxd.it/1cEQbh,4.5,,,2020-01-18
2020-06-17,Borat: Cultural Learnings of America for Make Benefit Glorious Nation of Kazakhstan,2006,https://boxd.it/1cEQ9P,4,,,2020-01-19
2020-06-17,"The Good, the Bad and the Ugly",1966,https://boxd.it/1cEQfD,4.5,,,2020-01-23
2020-06-17,Pi,1998,https://boxd.it/1cEPYx,3.5,,,2020-01-25
2020-06-17,For a Few Dollars More,1965,https://boxd.it/1cEQft,4.5,,,2020-01-25
2020-06-17,The Wicker Man,1973,https://boxd.it/1cEQhf,4.5,,,2020-01-25
2020-06-17,1917,2019,https://boxd.it/1cEQmz,4,,,2020-01-26
2020-06-17,Once Upon a Time in the West,1968,https://boxd.it/1cEQgh,4.5,,,2020-01-27
2020-06-17,A Separation,2011,https://boxd.it/1cEQ0X,4.5,,,2020-01-28
2020-06-17,Moonrise Kingdom,2012,https://boxd.it/1cEQ0D,4.5,,,2020-01-29
2020-06-17,The Hunt,2012,https://boxd.it/1cEQ2J,4.5,,,2020-01-29
2020-06-17,The Secret in Their Eyes,2009,https://boxd.it/1cEPXT,4.5,,,2020-01-30
2020-06-17,Looper,2012,https://boxd.it/1cEPXf,3.5,,,2020-02-02
2020-06-17,Hereditary,2018,https://boxd.it/1cEQjv,4,,,2020-02-02
2020-06-17,Source Code,2011,https://boxd.it/1cEQpj,4.5,,,2020-02-02
2020-06-17,Punch-Drunk Love,2002,https://boxd.it/1cEQ4l,3.5,,,2020-02-03
2020-06-17,Phantom Thread,2017,https://boxd.it/1cEQeF,4.5,,,2020-02-03
2020-06-17,Jojo Rabbit,2019,https://boxd.it/1cEQ4b,4.5,,,2020-02-04
2020-06-17,Mystic River,2003,https://boxd.it/1cEQ59,4,,,2020-02-06
2020-06-17,Knives Out,2019,https://boxd.it/1cEQo1,4,,,2020-02-10
2020-06-17,The Peanut Butter Falcon,2019,https://boxd.it/1cEQ9F,3.5,,,2020-02-13
2020-06-17,I Saw the Devil,2010,https://boxd.it/1cEPZF,4,,,2020-02-17
2020-06-17,Rocketman,2019,https://boxd.it/1cEQ2p,3.5,,,2020-02-17
2020-06-17,The Holy Mountain,1973,https://boxd.it/1cEQhp,4.5,,,2020-02-17
2020-06-17,Wheels,2014,https://boxd.it/1cEQ33,4.5,,,2020-02-18
2020-06-17,[REC],2007,https://boxd.it/1cEPSz,3.5,,,2020-02-19
2020-06-17,Shubh Mangal Zyada Saavdhan,2020,https://boxd.it/1cEPSf,3,,,2020-02-22
2020-06-17,Incendies,2010,https://boxd.it/1cEPWV,4.5,,,2020-02-27
2020-06-17,The Bandit,1996,https://boxd.it/1cEPUv,4.5,,,2020-02-28
2020-06-17,The Evil Dead,1981,https://boxd.it/1cEQm5,3.5,,,2020-02-29
2020-06-17,Mad Max: Fury Road,2015,https://boxd.it/1cEPYH,4.5,,,2020-03-01
2020-06-17,Eyes Wide Shut,1999,https://boxd.it/1cEPWB,4,,,2020-03-02
2020-06-17,Come and See,1985,https://boxd.it/1cEQoF,4.5,,,2020-03-04
2020-06-17,Princess Mononoke,1997,https://boxd.it/1cEPV9,4.5,,,2020-03-06
2020-06-17,Rush,2013,https://boxd.it/1cEQ1h,4.5,,,2020-03-07
2020-06-17,Shaun of the Dead,2004,https://boxd.it/1cEQ6L,4,,,2020-03-14
2020-06-17,In the Name of the Father,1993,https://boxd.it/1cEPTH,4.5,,,2020-03-15
2020-06-17,Cinema Paradiso,1988,https://boxd.it/1cEQpN,4.5,,,2020-03-16
2020-06-17,Little Women,2019,https://boxd.it/1cEQ5j,4.5,,,2020-03-24
2020-06-17,Toy Story 2,1999,https://boxd.it/1cEPVj,4.5,,,2020-03-25
2020-06-17,Toy Story 3,2010,https://boxd.it/1cEQ9v,4.5,,,2020-03-25
2020-06-17,The Seventh Seal,1957,https://boxd.it/1cEQcp,4.5,,,2020-03-28
2020-06-17,The 400 Blows,1959,https://boxd.it/1cEQdn,4,,,2020-03-28
2020-06-17,Hachi: A Dog's Tale,2009,https://boxd.it/1cEPS5,3.5,,,2020-03-29
2020-06-17,On the Waterfront,1954,https://boxd.it/1cEQaj,4.5,,,2020-03-29
2020-06-17,Village Rockstars,2017,https://boxd.it/1cEQid,3.5,,,2020-03-29
2020-06-17,Gran Torino,2008,https://boxd.it/1cEPVD,4.5,,,2020-03-30
2020-06-17,Mary and Max,2009,https://boxd.it/1cEQq7,4.5,,,2020-03-30
2020-06-17,V for Vendetta,2005,https://boxd.it/1cEQ9l,4.5,,,2020-03-31
2020-06-17,Harakiri,1962,https://boxd.it/1cEQdR,4.5,,,2020-03-31
2020-06-17,Network,1976,https://boxd.it/1cEQin,4.5,,,2020-04-02
2020-06-17,Rocky,1976,https://boxd.it/1cEQix,4.5,,,2020-04-04
2020-06-17,Spotlight,2015,https://boxd.it/1cEQ17,4.5,,,2020-04-05
2020-06-17,12 Years a Slave,2013,https://boxd.it/1cEQ2f,4,,,2020-04-05
2020-06-17,Alien,1979,https://boxd.it/1cEQkt,4.5,,,2020-04-06
2020-06-17,Aliens,1986,https://boxd.it/1cEQov,4.5,,,2020-04-07
2020-06-17,The Third Man,1949,https://boxd.it/1cEQ83,4.5,,,2020-04-08
2020-06-17,The General,1926,https://boxd.it/1cEQ0N,4.5,,,2020-04-09
2020-06-17,Das Boot,1981,https://boxd.it/1cEQlL,4.5,,,2020-04-10
2020-06-17,Life Is Beautiful,1997,https://boxd.it/1cEPUZ,4.5,,,2020-04-11
2020-06-17,Singin' in the Rain,1952,https://boxd.it/1cEQa9,4.5,,,2020-04-12
2020-06-17,The Sting,1973,https://boxd.it/1cEQh5,4.5,,,2020-04-24
2020-06-17,Unforgiven,1992,https://boxd.it/1cEPTd,4.5,,,2020-04-25
2020-06-17,The Truman Show,1998,https://boxd.it/1cEPVt,4,,,2020-04-26
2020-06-17,Downfall,2004,https://boxd.it/1cEQ6B,4.5,,,2020-04-26
2020-06-17,Shrek,2001,https://boxd.it/1cEPX5,4,,,2020-04-27
2020-06-17,All About Eve,1950,https://boxd.it/1cEQ8n,4.5,,,2020-04-27
2020-06-17,Isle of Dogs,2018,https://boxd.it/1cEQcz,4.5,,,2020-04-27
2020-06-17,High and Low,1963,https://boxd.it/1cEQev,4.5,,,2020-04-28
2020-06-17,Fantastic Mr. Fox,2009,https://boxd.it/1cEQ91,4,,,2020-04-29
2020-06-17,Little Miss Sunshine,2006,https://boxd.it/1cEQ9Z,4,,,2020-04-30
2020-06-17,Rushmore,1998,https://boxd.it/1cEPXp,4.5,,,2020-05-01
2020-06-17,A Fistful of Dollars,1964,https://boxd.it/1cEQf9,4,,,2020-05-01
2020-06-17,The Big Sick,2017,https://boxd.it/1cEQdH,4.5,,,2020-05-02
2020-06-17,Rashomon,1950,https://boxd.it/1cEQ8R,4.5,,,2020-05-03
2020-06-17,127 Hours,2010,https://boxd.it/1cEPZv,4.5,,,2020-05-04
2020-06-17,Superbad,2007,https://boxd.it/1cEQlV,3.5,,,2020-05-04
2020-06-17,Beauty and the Beast,1991,https://boxd.it/1cEPRL,4.5,,,2020-05-05
2020-06-17,Get Out,2017,https://boxd.it/1cEQbL,4.5,,,2020-05-05
2020-06-17,The Nightmare Before Christmas,1993,https://boxd.it/1cEPTR,4.5,,,2020-05-06
2020-06-17,Run Lola Run,1998,https://boxd.it/1cEPY3,4,,,2020-05-07
2020-06-17,Thank You for Smoking,2005,https://boxd.it/1cEQ8H,4,,,2020-05-08
2020-06-17,Airplane!,1980,https://boxd.it/1cEQl7,4,,,2020-05-08
2020-06-17,The Lego Movie,2014,https://boxd.it/1cEPYR,4.5,,,2020-05-09
2020-06-17,What We Do in the Shadows,2014,https://boxd.it/1cEQ5t,3.5,,,2020-05-09
2020-06-17,The Cabinet of Dr. Caligari,1920,https://boxd.it/1cEPSp,4.5,,,2020-05-10
2020-06-17,The Big Short,2015,https://boxd.it/1cEPZP,4.5,,,2020-05-10
2020-06-17,Arrival,2016,https://boxd.it/1cEQ3x,4,,,2020-05-11
2020-06-17,Annie Hall,1977,https://boxd.it/1cEQiH,4.5,,,2020-05-11
2020-06-17,The Hateful Eight,2015,https://boxd.it/1cEQ5D,4,,,2020-05-12
2020-06-17,The Martian,2015,https://boxd.it/1cEQ6V,4,,,2020-05-12
2020-06-17,Moon,2009,https://boxd.it/1cEPUP,3.5,,,2020-05-13
2020-06-17,Argo,2012,https://boxd.it/1cEPRV,4.5,,,2020-05-14
2020-06-17,The Incredibles,2004,https://boxd.it/1cEQ4Z,4,,,2020-05-14
2020-06-17,Dev.D,2009,https://boxd.it/1cEPYn,4,,,2020-05-19
2020-06-17,Visaranai,2015,https://boxd.it/1cEQbr,4.5,,,2020-05-19
2020-06-17,Kaamyaab,2018,https://boxd.it/1cEQkD,4.5,,,2020-05-19
2020-06-17,A Silent Voice: The Movie,2016,https://boxd.it/1cEQdx,4.5,,,2020-05-20
2020-06-17,Nausicaä of the Valley of the Wind,1984,https://boxd.it/1cEQnn,4.5,,,2020-05-20
2020-06-17,Aamir,2008,https://boxd.it/1cEPWL,4,,,2020-05-21
2020-06-17,Ek Hasina Thi,2004,https://boxd.it/1cEQ6h,3.5,,,2020-05-21
2020-06-17,The Social Network,2010,https://boxd.it/1cEPXz,4.5,,,2020-05-22
2020-06-17,The Artist,2011,https://boxd.it/1cEQ09,4.5,,,2020-05-22
2020-06-17,Being John Malkovich,1999,https://boxd.it/1cEPWr,4,,,2020-05-26
2020-06-17,Call Me by Your Name,2017,https://boxd.it/1cEQel,4.5,,,2020-05-27
2020-06-17,The Tale of The Princess Kaguya,2013,https://boxd.it/1cEQ41,4,,,2020-05-29
2020-06-17,Manchester by the Sea,2016,https://boxd.it/1cEQ7J,4,,,2020-05-30
2020-06-17,National Theatre Live: Fleabag,2019,https://boxd.it/1cEQeb,4.5,,,2020-06-02
2020-06-17,The Namesake,2006,https://boxd.it/1cEQ9b,4,,,2020-06-03
2020-06-17,Dear Zindagi,2016,https://boxd.it/1cEQfj,4,,,2020-06-03
2020-06-17,Choked: Paisa Bolta Hai,2020,https://boxd.it/1cEPUF,3.5,,,2020-06-05
2020-06-17,Koshish,1972,https://boxd.it/1cEQ2T,4,,,2020-06-05
2020-06-17,Jab We Met,2007,https://boxd.it/1cEPUb,4.5,,,2020-06-06
2020-06-17,Chintu Ka Birthday,2020,https://boxd.it/1cEQmp,3.5,,,2020-06-06
2020-06-17,Wake Up Sid,2009,https://boxd.it/1cEPYd,4,,,2020-06-07
2020-06-17,Life in a Metro,2007,https://boxd.it/1cEQkX,4.5,,,2020-06-08
2020-06-17,Do Ankhen Barah Haath,1957,https://boxd.it/1cEQbB,4.5,,,2020-06-09
2020-06-17,Atonement,2007,https://boxd.it/1cEQjF,4.5,,,2020-06-10
2020-06-17,The Music Room,1958,https://boxd.it/1cEQcJ,4.5,,,2020-06-11
2020-06-17,Axone,2019,https://boxd.it/1cEQnd,3.5,,,2020-06-12
2020-06-17,Charulata,1964,https://boxd.it/1cEQeP,4.5,,,2020-06-13
2020-06-17,Shahid,2012,https://boxd.it/1cEQ3d,4,,,2020-06-15
2020-09-29,Duck Soup,1933,https://boxd.it/1nuLvF,4.5,,,2020-06-17
2020-09-29,The Princess Bride,1987,https://boxd.it/1nuLTd,4,,,2020-06-17
2020-09-29,To Be or Not to Be,1942,https://boxd.it/1nuLAb,4.5,,,2020-06-18
2020-09-29,Perfect Strangers,2016,https://boxd.it/1nuLGX,3.5,,,2020-06-18
2020-09-29,Short Term 12,2013,https://boxd.it/1nuLuH,4,,,2020-06-19
2020-09-29,La Haine,1995,https://boxd.it/1nuLmD,4.5,,,2020-06-21
2020-09-29,Brief Encounter,1945,https://boxd.it/1nuLC7,4.5,,,2020-06-22
2020-09-29,The Circus,1928,https://boxd.it/1nuLsB,4,,,2020-06-23
2020-09-29,Chungking Express,1994,https://boxd.it/1nuLlF,4,,,2020-06-24
2020-09-29,Three Colours: Red,1994,https://boxd.it/1nuLlZ,4.5,,,2020-06-25
2020-09-29,Kaaka Muttai,2014,https://boxd.it/1nuLCL,4,,,2020-06-29
2020-09-29,Time of the Gypsies,1988,https://boxd.it/1nuLTH,4.5,,,2020-07-04
2020-09-29,Whisper of the Heart,1995,https://boxd.it/1nuLmX,4.5,,,2020-07-05
2020-09-29,Autumn Sonata,1978,https://boxd.it/1nuLNz,4,,,2020-07-07
2020-09-29,Aaranya Kaandam,2011,https://boxd.it/1nuLq1,4,,,2020-07-08
2020-09-29,Monsoon Wedding,2001,https://boxd.it/1nuLxB,4,,,2020-07-08
2020-09-29,3-Iron,2004,https://boxd.it/1nuLEd,3.5,,,2020-07-08
2020-09-29,Lootera,2013,https://boxd.it/1nuLu3,4,,,2020-07-09
2020-09-29,Dor,2006,https://boxd.it/1nuLQX,3.5,,,2020-07-09
2020-09-29,Raanjhanaa,2013,https://boxd.it/1nuLux,4,,,2020-07-10
2020-09-29,Socha Na Tha,2005,https://boxd.it/1nuLFv,3.5,,,2020-07-10
2020-09-29,Manhattan,1979,https://boxd.it/1nuLPP,4.5,,,2020-07-11
2020-09-29,"Crazy, Stupid, Love.",2011,https://boxd.it/1nuLqZ,4,,,2020-07-12
2020-09-29,Captain Fantastic,2016,https://boxd.it/1nuLAl,3.5,,,2020-07-13
2020-09-29,Up in the Air,2009,https://boxd.it/1nuLoz,4,,,2020-07-14
2020-09-29,Scott Pilgrim vs. the World,2010,https://boxd.it/1nuLEx,3.5,,,2020-07-15
2020-09-29,Kramer vs. Kramer,1979,https://boxd.it/1nuLPF,4,,,2020-07-15
2020-09-29,Catch Me If You Can,2002,https://boxd.it/1nuLxr,4,,,2020-07-19
2020-09-29,Before Sunrise,1995,https://boxd.it/1nuLm9,4.5,,,2020-07-20
2020-09-29,Before Sunset,2004,https://boxd.it/1nuLCr,4.5,,,2020-07-20
2020-09-29,Before Midnight,2013,https://boxd.it/1nuLtT,4.5,,,2020-07-21
2020-09-29,Raincoat,2004,https://boxd.it/1nuLCV,4,,,2020-07-21
2020-09-29,Predestination,2014,https://boxd.it/1nuLvP,4,,,2020-07-22
2020-09-29,"Spring, Summer, Fall, Winter... and Spring",2003,https://boxd.it/1nuLBX,4,,,2020-07-22
2020-09-29,Persepolis,2007,https://boxd.it/1nuLQ9,4.5,,,2020-07-22
2020-09-29,Ishqiya,2010,https://boxd.it/1nuLpx,3.5,,,2020-07-24
2020-09-29,The Bourne Identity,2002,https://boxd.it/1nuLxh,3.5,,,2020-07-24
2020-09-29,Dil Bechara,2020,https://boxd.it/1nuLQD,3.5,,,2020-07-25
2020-09-29,Paheli,2005,https://boxd.it/1nuLFl,3.5,,,2020-07-26
2020-09-29,The Bourne Supremacy,2004,https://boxd.it/1nuLBN,4,,,2020-07-27
2020-09-29,Natsamrat,2016,https://boxd.it/1nuLIz,4.5,,,2020-07-27
2020-09-29,Boyhood,2014,https://boxd.it/1nuLl1,4.5,,,2020-07-29
2020-09-29,The Lift Boy,2019,https://boxd.it/1nuLL9,4,,,2020-07-29
2020-09-29,Margarita with a Straw,2015,https://boxd.it/1nuLyp,3,,,2020-07-30
2020-09-29,Love per Square Foot,2018,https://boxd.it/1nuLOx,3.5,,,2020-07-30
2020-09-29,Control,2007,https://boxd.it/1nuLE3,4,,,2020-07-31
2020-09-29,The Bourne Ultimatum,2007,https://boxd.it/1nuLEn,4.5,,,2020-07-31
2020-09-29,Apocalypse Now,1979,https://boxd.it/1nuLOH,4.5,,,2020-08-01
2020-09-29,It Happened One Night,1934,https://boxd.it/1nuLwD,4,,,2020-08-02
2020-09-29,Lootcase,2020,https://boxd.it/1nuLkH,2.5,,,2020-08-03
2020-09-29,Chashme Buddoor,1981,https://boxd.it/1nuLQN,4.5,,,2020-08-03
2020-09-29,Vinland Saga,2019,https://boxd.it/1nuLk3,4.5,,,2020-08-04
2020-09-29,Hamilton,2020,https://boxd.it/1nuLRB,4.5,,,2020-08-05
2020-09-29,Talk to Her,2002,https://boxd.it/1nuLyf,4.5,,,2020-08-06
2020-09-29,La Maison en Petits Cubes,2008,https://boxd.it/1nuLpH,4.5,,,2020-08-12
2020-09-29,Waking Life,2001,https://boxd.it/1nuLvZ,4,,,2020-08-14
2020-09-29,The Wind Rises,2013,https://boxd.it/1nuLt5,3.5,,,2020-08-15
2020-09-29,The Second Renaissance Part I,2003,https://boxd.it/1nuLAv,4.5,,,2020-08-17
2020-09-29,The Second Renaissance Part II,2003,https://boxd.it/1nuLBD,5,,,2020-08-17
2020-09-29,The Big City,1963,https://boxd.it/1nuLJn,4.5,,,2020-08-17
2020-09-29,Talking Heads,1980,https://boxd.it/1nuLPZ,4,,,2020-08-17
2020-09-29,An Education,2009,https://boxd.it/1nuLnr,3.5,,,2020-08-18
2020-09-29,The Postman,1994,https://boxd.it/1nuLlP,4,,,2020-08-19
2020-09-29,Let the Right One In,2008,https://boxd.it/1nuLn7,3.5,,,2020-08-19
2020-09-29,Kuchh Bheege Alfaaz,2018,https://boxd.it/1nuLNf,3.5,,,2020-08-19
2020-09-29,The Night of the Hunter,1955,https://boxd.it/1nuLGN,4,,,2020-08-21
2020-09-29,Frances Ha,2012,https://boxd.it/1nuLud,3.5,,,2020-08-22
2020-09-29,Paterson,2016,https://boxd.it/1nuLHV,4.5,,,2020-08-23
2020-09-29,Troll 2,1990,https://boxd.it/1nuLkR,1,,,2020-08-24
2020-09-29,Magnolia,1999,https://boxd.it/1nuLs7,4.5,,,2020-08-25
2020-09-29,Almost Famous,2000,https://boxd.it/1nuLsh,4.5,,,2020-08-26
2020-09-29,Ran,1985,https://boxd.it/1nuLSp,4.5,,,2020-08-28
2020-09-29,Amores Perros,2000,https://boxd.it/1nuLwt,4,,,2020-08-29
2020-09-29,Office Space,1999,https://boxd.it/1nuLqP,4,,,2020-08-30
2020-09-29,Zootopia,2016,https://boxd.it/1nuLyz,4,,,2020-08-30
2020-09-29,Brokeback Mountain,2005,https://boxd.it/1nuLCB,4,,,2020-08-31
2020-09-29,I'm Thinking of Ending Things,2020,https://boxd.it/1nuLOR,4,,,2020-09-04
2020-09-29,Radiohead: In Rainbows - From the Basement,2008,https://boxd.it/1nuLpR,5,,,2020-09-05
2020-09-29,Y Tu Mamá También,2001,https://boxd.it/1nuLwj,4,,,2020-09-11
2020-09-29,The Social Dilemma,2020,https://boxd.it/1nuLnh,4,,,2020-09-14
2020-09-29,Yi Yi,2000,https://boxd.it/1nuLw9,4.5,,,2020-09-15
2020-09-29,The Passion of Joan of Arc,1928,https://boxd.it/1nuLsL,4,,,2020-09-16
2020-09-29,Nebraska,2013,https://boxd.it/1nuLsr,4,,,2020-09-18
2020-09-29,The Phantom of the Opera at the Royal Albert Hall,2011,https://boxd.it/1nuLtf,5,,,2020-09-21
2020-12-27,Blue Is the Warmest Color,2013,https://boxd.it/1xifXN,4,,,2020-10-06
2020-12-27,The Hundred-Foot Journey,2014,https://boxd.it/1xig3L,3.5,,,2020-10-06
2020-12-27,Nuvvu Naaku Nachav,2001,https://boxd.it/1xig45,4.5,,,2020-10-11
2020-12-27,Sahib Bibi Aur Ghulam,1962,https://boxd.it/1xiggv,4.5,,,2020-10-14
2020-12-27,Two Acres of Land,1953,https://boxd.it/1xigc9,4.5,,,2020-10-15
2020-12-27,Suraj Ka Satvan Ghoda,1992,https://boxd.it/1xifLn,4.5,,,2020-10-20
2020-12-27,Mommy,2014,https://boxd.it/1xig7t,4,,,2020-10-28
2020-12-27,When Harry Met Sally...,1989,https://boxd.it/1xigsr,4.5,,,2020-11-02
2020-12-27,High Fidelity,2000,https://boxd.it/1xifTL,4,,,2020-11-08
2020-12-27,David Attenborough: A Life on Our Planet,2020,https://boxd.it/1xifP5,5,,,2020-11-11
2020-12-27,It's Such a Beautiful Day,2012,https://boxd.it/1xifYL,5,,,2020-11-14
2020-12-27,My Cousin Vinny,1992,https://boxd.it/1xifJr,4,,,2020-11-16
2020-12-27,East of Eden,1955,https://boxd.it/1xigd7,4.5,,,2020-11-16
2020-12-27,Strangers on a Train,1951,https://boxd.it/1xigan,4,,,2020-11-22
2020-12-27,Ugetsu,1953,https://boxd.it/1xigcj,4.5,,,2020-11-22
2020-12-27,A Bronx Tale,1993,https://boxd.it/1xifJL,4.5,,,2020-11-26
2020-12-27,Soorarai Pottru,2020,https://boxd.it/1xifHZ,4.5,,,2020-11-29
2020-12-27,Love Actually,2003,https://boxd.it/1xig4f,3.5,,,2020-12-01
2020-12-27,If Anything Happens I Love You,2020,https://boxd.it/1xifNt,4,,,2020-12-02
2020-12-27,The Hours,2002,https://boxd.it/1xig0n,4.5,,,2020-12-02
2020-12-27,Rififi,1955,https://boxd.it/1xigcX,4.5,,,2020-12-03
2020-12-27,Mank,2020,https://boxd.it/1xifJB,4,,,2020-12-05
2020-12-27,Tenet,2020,https://boxd.it/1xigjJ,4.5,,,2020-12-06
2020-12-27,Naked,1993,https://boxd.it/1xifLd,4.5,,,2020-12-07
2020-12-27,Sound of Metal,2019,https://boxd.it/1xiggl,4.5,,,2020-12-08
2020-12-27,The Middleman,1975,https://boxd.it/1xigkR,4.5,,,2020-12-10
2020-12-27,Woman in the Dunes,1964,https://boxd.it/1xighN,4.5,,,2020-12-12
2020-12-27,Fallen Angels,1995,https://boxd.it/1xifNj,4,,,2020-12-14
2020-12-27,Paava Kadhaigal,2020,https://boxd.it/1xifRZ,4,,,2020-12-23
2020-12-27,Soul,2020,https://boxd.it/1xig0H,4,,,2020-12-25
2021-07-01,Serial Experiments Lain,1998,https://boxd.it/1XHa7r,4,,,2020-12-30
2021-07-01,Palm Springs,2020,https://boxd.it/1XHaiJ,3.5,,,2021-01-02
2021-07-01,Shame,2011,https://boxd.it/1XH9Tz,3.5,,,2021-01-03
2021-07-01,Blue Valentine,2010,https://boxd.it/1XH9N7,4,,,2021-01-06
2021-07-01,Me and Earl and the Dying Girl,2015,https://boxd.it/1XH9X7,4,,,2021-01-07
2021-07-01,The Double Life of Véronique,1991,https://boxd.it/1XH9Kn,4.5,,,2021-01-09
2021-07-01,OPAL,2020,https://boxd.it/1XH9Rt,4.5,,,2021-01-12
2021-07-01,Never Rarely Sometimes Always,2020,https://boxd.it/1XHaed,4,,,2021-01-13
2021-07-01,The Florida Project,2017,https://boxd.it/1XHa8T,4.5,,,2021-01-16
2021-07-01,The Royal Tenenbaums,2001,https://boxd.it/1XH9Y5,3.5,,,2021-01-17
2021-07-01,Badlands,1973,https://boxd.it/1XHabj,4,,,2021-01-18
2021-07-01,"Synecdoche, New York",2008,https://boxd.it/1XHa2B,4.5,,,2021-01-20
2021-07-01,Taste of Cherry,1997,https://boxd.it/1XH9Qv,4.5,,,2021-01-23
2021-07-01,Sir,2018,https://boxd.it/1XHach,3,,,2021-01-27
2021-07-01,Mustang,2015,https://boxd.it/1XHa2L,4.5,,,2021-01-31
2021-07-01,A Streetcar Named Desire,1951,https://boxd.it/1XHa4H,4.5,,,2021-02-07
2021-07-01,No Man's Land,2001,https://boxd.it/1XH9Yp,3.5,,,2021-02-08
2021-07-01,Paprika,2006,https://boxd.it/1XHagD,4,,,2021-02-08
2021-07-01,The Green Ray,1986,https://boxd.it/1XHaif,4.5,,,2021-02-09
2021-07-01,Love Exposure,2008,https://boxd.it/1XH9Nh,4,,,2021-02-12
2021-07-01,Days of Heaven,1978,https://boxd.it/1XHadT,4.5,,,2021-02-13
2021-07-01,Do the Right Thing,1989,https://boxd.it/1XHajd,4,,,2021-02-14
2021-07-01,The Spectacular Now,2013,https://boxd.it/1XH9Tp,4.5,,,2021-02-18
2021-07-01,The Garden of Words,2013,https://boxd.it/1XH9Xh,4.5,,,2021-02-24
2021-07-01,I Lost My Body,2019,https://boxd.it/1XHajx,3.5,,,2021-02-28
2021-07-01,The Virgin Suicides,1999,https://boxd.it/1XH9SB,3.5,,,2021-03-01
2021-07-01,Carol,2015,https://boxd.it/1XH9Wt,4,,,2021-03-02
2021-07-01,Leaving Las Vegas,1995,https://boxd.it/1XH9NB,3.5,,,2021-03-06
2021-07-01,Three Colours: White,1994,https://boxd.it/1XH9MN,4.5,,,2021-03-11
2021-07-01,Burning,2018,https://boxd.it/1XHadf,4,,,2021-03-14
2021-07-01,Brooklyn,2015,https://boxd.it/1XH9Wj,4,,,2021-03-18
2021-07-01,A Dog's Will,2000,https://boxd.it/1XH9Yf,4.5,,,2021-03-21
2021-07-01,The Dreamers,2003,https://boxd.it/1XH9Z3,3.5,,,2021-03-22
2021-07-01,Raw,2016,https://boxd.it/1XHa7h,4.5,,,2021-03-26
2021-07-01,The Man Who Sleeps,1974,https://boxd.it/1XH9UH,5,,,2021-03-27
2021-07-01,Blue Velvet,1986,https://boxd.it/1XHahL,4,,,2021-04-01
2021-07-01,99 Songs,2019,https://boxd.it/1XHadJ,5,,,2021-04-16
2021-07-01,The Father,2020,https://boxd.it/1XH9Kx,4.5,,,2021-04-17
2021-07-01,"Paris, Texas",1984,https://boxd.it/1XHahh,4.5,,,2021-04-18
2021-07-01,Hiroshima Mon Amour,1959,https://boxd.it/1XHa8f,5,,,2021-04-19
2021-07-01,Stalker,1979,https://boxd.it/1XHaf1,4.5,,,2021-04-20
2021-07-01,Normal People,2020,https://boxd.it/1XHahB,4,,,2021-04-20
2021-07-01,Barry Lyndon,1975,https://boxd.it/1XHad5,5,,,2021-04-21
2021-07-01,The Lake House,2006,https://boxd.it/1XHa3z,3,,,2021-04-22
2021-07-01,The Fighter,2010,https://boxd.it/1XHaiT,4,,,2021-04-30
2021-07-01,Shiva Baby,2020,https://boxd.it/1XH9Nr,4,,,2021-05-01
2021-07-01,About Time,2013,https://boxd.it/1XH9Vl,4.5,,,2021-05-02
2021-07-01,20th Century Women,2016,https://boxd.it/1XHa4x,3.5,,,2021-05-03
2021-07-01,The Great Indian Kitchen,2021,https://boxd.it/1XH9Rj,4,,,2021-05-07
2021-07-01,U.S. Go Home,1994,https://boxd.it/1XH9MX,4,,,2021-05-09
2021-07-01,Demon Slayer -Kimetsu no Yaiba- The Movie: Mugen Train,2020,https://boxd.it/1XH9LF,3.5,,,2021-05-10
2021-07-01,The Lobster,2015,https://boxd.it/1XHa0v,4,,,2021-05-14
2021-07-01,Possession,1981,https://boxd.it/1XHag9,4.5,,,2021-05-19
2021-07-01,Portrait of a Young Girl at the End of the 60s in Brussels,1994,https://boxd.it/1XH9MD,3.5,,,2021-05-20
2021-07-01,"The Cook, the Thief, His Wife & Her Lover",1989,https://boxd.it/1XHaj3,4,,,2021-05-22
2021-07-01,A Summer's Tale,1996,https://boxd.it/1XH9OJ,4,,,2021-06-01
2021-07-01,Bo Burnham: Inside,2021,https://boxd.it/1XH9RD,5,,,2021-06-01
2021-07-01,10 Things I Hate About You,1999,https://boxd.it/1XH9RN,5,,,2021-06-01
2021-07-01,The Conversation,1974,https://boxd.it/1XHac7,3.5,,,2021-06-02
2021-07-01,Blood Diamond,2006,https://boxd.it/1XHa4R,3.5,,,2021-06-08
2021-07-01,The Adversary,1970,https://boxd.it/1XHaaP,4.5,,,2021-06-08
2021-07-01,The Nice Guys,2016,https://boxd.it/1XHa2r,3,,,2021-06-09
2021-07-01,Vive L'Amour,1994,https://boxd.it/1XH9Lv,4,,,2021-06-10
2021-07-01,Hotarubi no Mori e,2011,https://boxd.it/1XH9UR,4,,,2021-06-10
2021-07-01,The Hero,1966,https://boxd.it/1XHaav,4.5,,,2021-06-11
2021-07-01,"Comrades, Almost a Love Story",1996,https://boxd.it/1XH9P3,5,,,2021-06-12
2021-07-01,Four Nights of a Dreamer,1971,https://boxd.it/1XHab9,4.5,,,2021-06-22
2021-07-01,The Piano Teacher,2001,https://boxd.it/1XH9WX,4,,,2021-06-23
2021-07-01,Millennium Actress,2001,https://boxd.it/1XH9YT,4,,,2021-06-30
2021-12-20,The Mitchells vs. the Machines,2021,https://boxd.it/2n8VFz,4.5,,,2021-07-10
2021-12-20,Luca,2021,https://boxd.it/2n8Vph,3.5,,,2021-07-11
2021-12-20,God's Own Country,2017,https://boxd.it/2n8VBH,4,,,2021-07-16
2021-12-20,Vidheyan,1994,https://boxd.it/2n8Vkh,4,,,2021-07-22
2021-12-20,All About Lily Chou-Chou,2001,https://boxd.it/2n8Vvp,5,,,2021-07-29
2021-12-20,Breathe,2014,https://boxd.it/2n8VwH,4,,,2021-07-31
2021-12-20,Marlina the Murderer in Four Acts,2017,https://boxd.it/2n8VCF,3.5,,,2021-08-01
2021-12-20,Another Round,2020,https://boxd.it/2n8ViZ,4.5,,,2021-08-04
2021-12-20,The Umbrellas of Cherbourg,1964,https://boxd.it/2n8VCb,3.5,,,2021-08-10
2021-12-20,Happy Together,1997,https://boxd.it/2n8Vnl,4,,,2021-08-11
2021-12-20,The Human Voice,2020,https://boxd.it/2n8Vmd,4.5,,,2021-08-21
2021-12-20,Something Useful,2017,https://boxd.it/2n8VDN,4,,,2021-08-21
2021-12-20,La Collectionneuse,1967,https://boxd.it/2n8VDD,4.5,,,2021-08-23
2021-12-20,The Stranger,1991,https://boxd.it/2n8VhR,4.5,,,2021-08-24
2021-12-20,Certified Copy,2010,https://boxd.it/2n8Vil,5,,,2021-08-26
2021-12-20,Evil Dead II,1987,https://boxd.it/2n8VIt,3.5,,,2021-08-28
2021-12-20,A Short Film About Love,1988,https://boxd.it/2n8VIX,4,,,2021-08-28
2021-12-20,The Iron Giant,1999,https://boxd.it/2n8Vpr,4,,,2021-08-30
2021-12-20,In the Realm of the Senses,1976,https://boxd.it/2n8VF5,1,,,2021-08-31
2021-12-20,Twins in Paradise,2020,https://boxd.it/2n8VoD,5,,,2021-09-01
2021-12-20,Roman Holiday,1953,https://boxd.it/2n8VzL,4,,,2021-09-10
2021-12-20,A Short Film About Killing,1988,https://boxd.it/2n8VJ7,5,,,2021-09-13
2021-12-20,Fireworks,1997,https://boxd.it/2n8Vnv,4,,,2021-09-20
2021-12-20,Le Bonheur,1965,https://boxd.it/2n8VCl,4.5,,,2021-09-23
2021-12-20,Cléo from 5 to 7,1962,https://boxd.it/2n8VBx,4.5,,,2021-09-25
2021-12-20,Love in the Afternoon,1972,https://boxd.it/2n8VEr,4.5,,,2021-09-29
2021-12-20,The Wild Pear Tree,2018,https://boxd.it/2n8VEh,5,,,2021-10-01
2021-12-20,Titane,2021,https://boxd.it/2n8Vkr,4,,,2021-10-19
2021-12-20,Smiling Friends,2020,https://boxd.it/2n8Voj,4,,,2021-10-20
2021-12-20,Petite Maman,2021,https://boxd.it/2n8VpB,5,,,2021-10-20
2021-12-20,Dune,2021,https://boxd.it/2n8Vm3,4,,,2021-10-22
2021-12-20,Fat Girl,2001,https://boxd.it/2n8VtX,3,,,2021-10-24
2021-12-20,Winter Sleep,2014,https://boxd.it/2n8Vuh,4.5,,,2021-10-28
2021-12-20,Dancer in the Dark,2000,https://boxd.it/2n8Vs1,4,,,2021-11-03
2021-12-20,The Aviator's Wife,1981,https://boxd.it/2n8VGd,3.5,,,2021-11-04
2021-12-20,The Lovers on the Bridge,1991,https://boxd.it/2n8Vi1,4.5,,,2021-11-05
2021-12-20,The Bridges of Madison County,1995,https://boxd.it/2n8VkL,4,,,2021-11-05
2021-12-20,Only Yesterday,1991,https://boxd.it/2n8ViF,5,,,2021-11-07
2021-12-20,Sardar Udham,2021,https://boxd.it/2n8ViP,4,,,2021-11-07
2021-12-20,A Charlie Brown Christmas,1965,https://boxd.it/2n8VCv,4.5,,,2021-11-07
2021-12-20,Counterfeit Kunkoo,2018,https://boxd.it/2n8VEL,3.5,,,2021-11-08
2021-12-20,Paddington,2014,https://boxd.it/2n8VkB,3.5,,,2021-11-14
2021-12-20,Paddington 2,2017,https://boxd.it/2n8Vzh,4.5,,,2021-11-14
2021-12-20,Out of the Past,1947,https://boxd.it/2n8VxZ,4.5,,,2021-11-16
2021-12-20,In a Lonely Place,1950,https://boxd.it/2n8VyN,4.5,,,2021-11-16
2021-12-20,Sweet Smell of Success,1957,https://boxd.it/2n8VAJ,5,,,2021-11-17
2021-12-20,The Shop Around the Corner,1940,https://boxd.it/2n8Vwn,4,,,2021-11-18
2021-12-20,"tick, tick... BOOM!",2021,https://boxd.it/2n8VHP,3.5,,,2021-11-19
2021-12-20,Mishima: A Life in Four Chapters,1985,https://boxd.it/2n8VI9,4.5,,,2021-11-19
2021-12-20,Buffalo '66,1998,https://boxd.it/2n8Vnb,3.5,,,2021-11-21
2021-12-20,Spencer,2021,https://boxd.it/2n8Vot,3.5,,,2021-11-23
2021-12-20,Wings of Desire,1987,https://boxd.it/2n8VID,4.5,,,2021-11-23
2021-12-20,Columbus,2017,https://boxd.it/2n8VCP,5,,,2021-11-24
2021-12-20,Tear Along the Dotted Line,2021,https://boxd.it/2n8Vr3,4.5,,,2021-11-27
2021-12-20,Wheel of Fortune and Fantasy,2021,https://boxd.it/2n8Vqf,4.5,,,2021-12-02
2021-12-20,"The French Dispatch of the Liberty, Kansas Evening Sun",2021,https://boxd.it/2n8VHZ,3.5,,,2021-12-14
2021-12-20,The Hand of God,2021,https://boxd.it/2n8Vp7,3.5,,,2021-12-15
2021-12-20,Drive My Car,2021,https://boxd.it/2n8Vqp,4.5,,,2021-12-16
2021-12-28,Spider-Man: No Way Home,2021,https://boxd.it/2p6sdv,1.5,,,2021-12-27
2021-12-31,The Worst Person in the World,2021,https://boxd.it/2pJ0MP,5,,,2021-12-30
2022-01-01,Red Rocket,2021,https://boxd.it/2q1zTn,4.5,,,2021-12-31
2022-03-02,Meshes of the Afternoon,1943,https://boxd.it/2CGLyB,5,,,2022-01-02
2022-03-02,Vincent,1982,https://boxd.it/2CGLI7,5,,,2022-01-02
2022-03-02,Rebecca,1940,https://boxd.it/2CGLyh,4,,,2022-01-10
2022-03-02,L'Avventura,1960,https://boxd.it/2CGLE5,4,,,2022-01-11
2022-03-02,La Jetée,1962,https://boxd.it/2CGLEf,4.5,,,2022-01-12
2022-03-02,The Tragedy of Macbeth,2021,https://boxd.it/2CGLrP,4.5,,,2022-01-14
2022-03-02,Sansho the Bailiff,1954,https://boxd.it/2CGLCX,4,,,2022-01-18
2022-03-02,The Fallout,2021,https://boxd.it/2CGLt7,3.5,,,2022-01-30
2022-03-02,Boogie Nights,1997,https://boxd.it/2CGLth,4.5,,,2022-01-30
2022-03-02,Laura,1944,https://boxd.it/2CGLz5,4,,,2022-01-31
2022-03-02,Microhabitat,2017,https://boxd.it/2CGLHj,4.5,,,2022-02-01
2022-03-02,Visitor Q,2001,https://boxd.it/2CGLxN,3,,,2022-02-07
2022-03-02,The Last Picture Show,1971,https://boxd.it/2CGLFx,4,,,2022-02-07
2022-03-02,Boyfriends and Girlfriends,1987,https://boxd.it/2CGLIV,4,,,2022-02-10
2022-03-02,Ritual,2000,https://boxd.it/2CGLxD,5,,,2022-02-12
2022-03-02,Female Prisoner #701: Scorpion,1972,https://boxd.it/2CGLwv,3.5,,,2022-02-19
2022-03-02,Licorice Pizza,2021,https://boxd.it/2CGLsX,4,,,2022-02-21
2022-07-09,303,2018,https://boxd.it/30haev,3.5,,,2022-03-04
2022-07-09,After Yang,2021,https://boxd.it/30halr,4.5,,,2022-03-05
2022-07-09,Céline,1992,https://boxd.it/30h9T3,4.5,,,2022-03-20
2022-07-09,The Meetings of Anna,1978,https://boxd.it/30hajv,3.5,,,2022-03-21
2022-07-09,Blue Ruin,2013,https://boxd.it/30ha3x,3.5,,,2022-03-25
2022-07-09,Mathilukal,1990,https://boxd.it/30hap9,4.5,,,2022-03-26
2022-07-09,Anantaram,1987,https://boxd.it/30hanH,4.5,,,2022-03-31
2022-07-09,Eureka,2000,https://boxd.it/30ha4v,4.5,,,2022-04-02
2022-07-09,The Fundamentals of Caring,2016,https://boxd.it/30ha4F,3,,,2022-04-06
2022-07-09,X,2022,https://boxd.it/30h9YH,3.5,,,2022-04-14
2022-07-09,The Batman,2022,https://boxd.it/30ha0X,4.5,,,2022-04-18
2022-07-09,Z,1969,https://boxd.it/30hah5,4.5,,,2022-04-27
2022-07-09,Four Adventures of Reinette and Mirabelle,1987,https://boxd.it/30han3,4,,,2022-04-28
2022-07-09,Detour,1945,https://boxd.it/30ha7J,4,,,2022-04-30
2022-07-09,Rocky,2021,https://boxd.it/30h9Wh,4.5,,,2022-05-01
2022-07-09,Don't Breathe,2016,https://boxd.it/30ha8x,3,,,2022-05-06
2022-07-09,Yuni,2021,https://boxd.it/30h9Zv,5,,,2022-05-07
2022-07-09,The Host,2006,https://boxd.it/30haat,4,,,2022-05-10
2022-07-09,The Northman,2022,https://boxd.it/30h9Vj,4,,,2022-05-14
2022-05-20,Everything Everywhere All at Once,2022,https://boxd.it/2R6s0j,4.5,,,2022-05-20
2022-07-09,"Love, Death & Robots: Bad Travelling",2022,https://boxd.it/30ha25,4,,,2022-05-20
2022-07-09,RRR,2022,https://boxd.it/30hakN,3.5,,,2022-05-28
2022-07-09,In Custody,1994,https://boxd.it/30h9Ub,3.5,,,2022-06-01
2022-07-09,Ijaazat,1987,https://boxd.it/30hann,3.5,,,2022-06-04
2022-07-09,"Rosa la rose, fille publique",1986,https://boxd.it/30hamJ,4,,,2022-06-06
2022-07-09,Mirch Masala,1987,https://boxd.it/30hamz,4.5,,,2022-06-07
2022-07-09,Red Post on Escher Street,2020,https://boxd.it/30h9Yx,4,,,2022-06-09
2022-07-09,Elevator to the Gallows,1958,https://boxd.it/30hadx,3.5,,,2022-06-10
2022-07-09,Black Mirror: The Entire History of You,2011,https://boxd.it/30ha2f,4.5,,,2022-06-13
2022-07-09,Black Mirror: San Junipero,2016,https://boxd.it/30ha9P,4.5,,,2022-06-14
2022-07-09,Black Mirror: Shut Up and Dance,2016,https://boxd.it/30haf9,4,,,2022-06-14
2022-07-09,Black Mirror: Hated in the Nation,2016,https://boxd.it/30hafj,4.5,,,2022-06-15
2022-07-09,Black Mirror: Black Museum,2017,https://boxd.it/30hadn,5,,,2022-06-16
2022-07-09,Black Mirror: Hang the DJ,2017,https://boxd.it/30haft,4,,,2022-06-16
2022-07-09,Kiki's Delivery Service,1989,https://boxd.it/30haoZ,3.5,,,2022-06-27
2022-07-09,Vagabond,1985,https://boxd.it/30hamT,3.5,,,2022-07-01
2022-07-09,Vikram,2022,https://boxd.it/30hanx,4.5,,,2022-07-08
2022-10-05,The Green Years,1963,https://boxd.it/3iaaWZ,4,,,2022-07-10
2022-10-05,Funeral Parade of Roses,1969,https://boxd.it/3iaaXN,5,,,2022-07-22
2022-10-05,What Happened Was...,1994,https://boxd.it/3iaaOr,4,,,2022-07-24
2022-10-05,Hit the Road,2021,https://boxd.it/3iaaRl,4,,,2022-07-27
2022-10-05,Terrorizers,1986,https://boxd.it/3iab0R,4,,,2022-07-31
2022-10-05,Revanche,2008,https://boxd.it/3iaaPp,4.5,,,2022-08-02
2022-10-05,Nope,2022,https://boxd.it/3iaaO7,3.5,,,2022-08-19
2022-10-05,Top Gun: Maverick,2022,https://boxd.it/3iaaRP,4,,,2022-08-28
2022-10-05,Good Time,2017,https://boxd.it/3iaaVn,4,,,2022-09-02
2022-10-05,Karthikeya 2,2022,https://boxd.it/3iaaQR,3.5,,,2022-09-03
2022-10-05,Event Horizon,1997,https://boxd.it/3iaaPJ,3,,,2022-09-06
2022-10-05,Blue Spring,2001,https://boxd.it/3iaaTh,4,,,2022-09-22
2022-10-05,"Love, Death & Robots: Jibaro",2022,https://boxd.it/3iaaSj,4,,,2022-09-25
2022-10-05,Ponniyin Selvan: Part I,2022,https://boxd.it/3iaaN9,4,,,2022-09-30
2022-10-05,Decision to Leave,2022,https://boxd.it/3iaaQd,4,,,2022-10-03
2022-12-24,Aftersun,2022,https://boxd.it/3zBco3,4.5,,,2022-10-12
2022-12-24,Pearl,2022,https://boxd.it/3zBcnp,3,,,2022-10-23
2022-12-24,Full Moon in Paris,1984,https://boxd.it/3zBd4N,4,,,2022-10-28
2022-12-24,Barbarian,2022,https://boxd.it/3zBcjn,3.5,,,2022-10-29
2022-12-24,Dilwale Dulhania Le Jayenge,1995,https://boxd.it/3zBc0F,3.5,,,2022-11-02
2022-12-24,All Quiet on the Western Front,2022,https://boxd.it/3zBbQl,4,,,2022-11-05
2022-12-24,"Throw Away Your Books, Rally in the Streets",1971,https://boxd.it/3zBcrL,5,,,2022-11-06
2022-12-24,"Monica, O My Darling",2022,https://boxd.it/3zBcgt,3.5,,,2022-11-14
2022-12-24,TÁR,2022,https://boxd.it/3zBceH,4.5,,,2022-11-17
2022-12-24,Triangle of Sadness,2022,https://boxd.it/3zBcYv,4,,,2022-11-23
2022-12-24,The Coward,1965,https://boxd.it/3zBcRf,3.5,,,2022-11-27
2022-12-24,Joyland,2022,https://boxd.it/3zBcnT,4.5,,,2022-12-09
2022-12-24,Bones and All,2022,https://boxd.it/3zBbQv,3.5,,,2022-12-18
2022-12-24,The Banshees of Inisherin,2022,https://boxd.it/3zBc4x,5,,,2022-12-19
2022-12-24,Claire's Knee,1970,https://boxd.it/3zBcTF,3.5,,,2022-12-22
2022-12-24,Glass Onion,2022,https://boxd.it/3zBc3T,3.5,,,2022-12-24
2023-05-22,Lost Illusions,2021,https://boxd.it/4h3BeZ,4,,,2023-01-02
2023-05-22,Decalogue IX,1989,https://boxd.it/4h3BYD,4,,,2023-01-03
2023-05-22,The Menu,2022,https://boxd.it/4h3BZV,4,,,2023-01-04
2023-05-22,Decalogue X,1989,https://boxd.it/4h3BY9,4.5,,,2023-01-05
2023-05-22,Decalogue IV,1989,https://boxd.it/4h3BYt,4,,,2023-01-07
2023-05-22,Victoria,2015,https://boxd.it/4h3BKr,3,,,2023-01-10
2023-05-22,The Dream of a Ridiculous Man,1992,https://boxd.it/4h3BMn,4,,,2023-01-10
2023-05-22,A Tale of Winter,1992,https://boxd.it/4h3BbL,4,,,2023-01-14
2023-05-22,Sonatine,1993,https://boxd.it/4h3Bgh,4,,,2023-01-16
2023-05-22,French Fried Vacation 2,1979,https://boxd.it/4h3BTD,3.5,,,2023-01-19
2023-05-22,A Tale of Autumn,1998,https://boxd.it/4h3Bqr,4,,,2023-01-20
2023-05-22,2046,2004,https://boxd.it/4h3Byl,4,,,2023-01-22
2023-05-22,Babylon,2022,https://boxd.it/4h3Bg7,4.5,,,2023-01-31
2023-05-22,The White Ribbon,2009,https://boxd.it/4h3Bl7,4.5,,,2023-01-31
2023-05-22,Fursat,2023,https://boxd.it/4h3BBz,4,,,2023-02-03
2023-05-22,Titanic,1997,https://boxd.it/4h3Bmp,3.5,,,2023-02-10
2023-05-22,The Hand,2020,https://boxd.it/4h3BrT,3.5,,,2023-02-11
2023-05-22,Dhuin,2022,https://boxd.it/4h3BvV,4,,,2023-02-11
2023-05-22,Duvidha,1973,https://boxd.it/4h3BQz,3.5,,,2023-02-12
2023-05-22,Lola,1981,https://boxd.it/4h3BUr,4,,,2023-02-16
2023-05-22,Lola,1961,https://boxd.it/4h3BNv,4,,,2023-02-17
2023-05-22,"Oslo, August 31st",2011,https://boxd.it/4h3BuX,4,,,2023-02-18
2023-05-22,A Nos Amours,1983,https://boxd.it/4h3BWH,3.5,,,2023-02-20
2023-05-22,Reprise,2006,https://boxd.it/4h3BUB,4,,,2023-02-23
2023-05-22,Great Freedom,2021,https://boxd.it/4h3Brz,3.5,,,2023-03-02
2023-05-22,Puss in Boots: The Last Wish,2022,https://boxd.it/4h3BIF,4.5,,,2023-03-07
2023-05-22,Starfuckers,2022,https://boxd.it/4h3Buj,4,,,2023-03-11
2023-05-22,A Short Story,2022,https://boxd.it/4h3Bwz,4,,,2023-03-11
2023-05-22,Scream VI,2023,https://boxd.it/4h3Bv7,3.5,,,2023-03-12
2023-05-22,The Beaches of Agnès,2008,https://boxd.it/4h3BkX,4.5,,,2023-03-31
2023-05-22,An Action Hero,2022,https://boxd.it/4h3Bt1,3,,,2023-04-06
2023-05-22,The Package,2018,https://boxd.it/4h3BSl,1,,,2023-04-14
2023-05-22,Lost Highway,1997,https://boxd.it/4h3BlL,4,,,2023-04-15
2023-05-22,Rye Lane,2023,https://boxd.it/4h3Btl,3.5,,,2023-04-20
2023-05-22,Betty Blue,1986,https://boxd.it/4h3BWR,4,,,2023-05-01
2023-05-22,Mr. Bachmann and His Class,2021,https://boxd.it/4h3BqL,4.5,,,2023-05-09
2023-05-22,How to Blow Up a Pipeline,2022,https://boxd.it/4h3Byv,3.5,,,2023-05-12
2023-05-22,Long Day's Journey Into Night,2018,https://boxd.it/4h3BUh,5,,,2023-05-17
2023-05-22,Pauline at the Beach,1983,https://boxd.it/4h3BWd,4,,,2023-05-20
2023-10-08,April Story,1998,https://boxd.it/4XJGEv,3.5,,,2023-05-22
2023-10-08,Rejected,2000,https://boxd.it/4XJGMf,3.5,,,2023-05-22
2023-05-26,Howl's Moving Castle,2004,https://boxd.it/4i3B9f,4.5,Yes,,2023-05-25
2023-10-08,Once Upon a Time in Anatolia,2011,https://boxd.it/4XJGIx,4,,,2023-05-28
2023-10-08,Black Mirror: Nosedive,2016,https://boxd.it/4XJGWp,4,,,2023-06-03
2023-10-08,Bullet Train,2022,https://boxd.it/4XJGBV,3.5,,,2023-06-15
2023-10-08,"Are You There God? It's Me, Margaret.",2023,https://boxd.it/4XJH3Z,4,,,2023-06-20
2023-06-23,Midsommar,2019,https://boxd.it/4pEooX,4,Yes,,2023-06-22
2023-10-08,Extraction,2020,https://boxd.it/4XJH3l,2.5,,,2023-06-24
2023-10-08,Ice Merchants,2022,https://boxd.it/4XJGJv,4.5,,,2023-06-25
2023-10-08,BlackBerry,2023,https://boxd.it/4XJGLL,4,,,2023-06-27
2023-10-08,The Daytrippers,1996,https://boxd.it/4XJGwL,4,,,2023-06-28
2023-10-08,The Swimming Pool,1969,https://boxd.it/4XJGYl,3.5,,,2023-08-04
2023-10-08,World of Tomorrow,2015,https://boxd.it/4XJGRJ,5,,,2023-08-05
2023-10-08,Return to Seoul,2022,https://boxd.it/4XJGJl,3,,,2023-08-07
2023-10-08,Spider-Man: Across the Spider-Verse,2023,https://boxd.it/4XJH4j,4.5,,,2023-08-08
2023-10-08,Heart Attack,2015,https://boxd.it/4XJGTZ,4,,,2023-08-09
2023-10-08,Five Easy Pieces,1970,https://boxd.it/4XJGYP,4,,,2023-08-10
2023-10-08,The Age of Innocence,1993,https://boxd.it/4XJGuZ,5,,,2023-08-11
2023-10-08,Oppenheimer,2023,https://boxd.it/4XJGFD,4.5,,,2023-08-12
2023-10-08,Four Lions,2010,https://boxd.it/4XJGCz,4,,,2023-08-13
2023-10-08,Falcon Lake,2022,https://boxd.it/4XJGwB,4,,,2023-08-20
2023-10-08,Past Lives,2023,https://boxd.it/4XJGCp,4.5,,,2023-08-23
2023-10-08,Girlfriends,1978,https://boxd.it/4XJH0h,3.5,,,2023-08-24
2023-10-08,Hey Ram,2000,https://boxd.it/4XJGLV,4,,,2023-08-31
2023-10-08,Barbie,2023,https://boxd.it/4XJGFt,3.5,,,2023-09-07
2023-10-08,A Night of Knowing Nothing,2021,https://boxd.it/4XJGEF,4,,,2023-09-21
2023-10-08,Weekend,2011,https://boxd.it/4XJGI3,4,,,2023-09-24
2023-10-08,Bottoms,2023,https://boxd.it/4XJGIn,5,,,2023-09-24
2023-10-08,Heart of Stone,2023,https://boxd.it/4XJGDn,2,,,2023-09-28
2023-10-08,The Wonderful Story of Henry Sugar,2023,https://boxd.it/4XJGHJ,4,,,2023-10-01
2023-10-08,Passages,2023,https://boxd.it/4XJGGL,4.5,,,2023-10-06
2023-10-08,2001: A Space Odyssey,1968,https://boxd.it/4XyNQr,4.5,Yes,,2023-10-08
2023-10-11,Past Lives,2023,https://boxd.it/4YGh59,4.5,Yes,,2023-10-10
2023-12-05,Melancholia,2011,https://boxd.it/5h45rd,4.5,,,2023-10-11
2023-12-05,Breathless,1960,https://boxd.it/5h45KJ,3.5,,,2023-10-15
2023-12-05,La Vie en Rose,2007,https://boxd.it/5h45Hl,3.5,,,2023-10-16
2023-12-05,Pierrot le Fou,1965,https://boxd.it/5h45Mv,4,,,2023-10-17
2023-10-18,Geri's Game,1997,https://boxd.it/513D5f,4,Yes,,2023-10-18
2023-12-05,Killers of the Flower Moon,2023,https://boxd.it/5h45Ld,4.5,,,2023-10-19
2023-12-05,Burning Days,2022,https://boxd.it/5h45q5,4,,,2023-10-22
2023-12-05,Pastoral: To Die in the Country,1974,https://boxd.it/5h45Or,4.5,,,2023-10-22
2023-11-01,Glass,1958,https://boxd.it/55sdw1,5,,,2023-10-31
2023-11-01,Michael Jackson's Thriller,1983,https://boxd.it/55sEsF,5,,,2023-10-31
2023-11-03,Babylon,2022,https://boxd.it/56iFZT,4.5,Yes,,2023-11-02
2023-11-06,Pink Floyd: The Dark Side of the Moon Planetarium Experience,2023,https://boxd.it/57lOnz,,,,2023-11-05
2023-12-05,Anatomy of a Fall,2023,https://boxd.it/5h45tj,4.5,,,2023-11-06
2023-12-05,Toni Erdmann,2016,https://boxd.it/5h45FT,4,,,2023-11-07
2023-12-05,"Jeanne Dielman, 23, quai du Commerce, 1080 Bruxelles",1975,https://boxd.it/5h45OL,5,,,2023-11-10
2023-12-05,The Killer,2023,https://boxd.it/5h45hH,3.5,,,2023-11-11
2023-12-05,Close-Up,1990,https://boxd.it/5h459D,4,,,2023-11-12
2023-12-05,The Celebration,1998,https://boxd.it/5h45rn,4,,,2023-11-12
2023-12-05,A Page of Madness,1926,https://boxd.it/5h45tt,4,,,2023-11-15
2023-12-05,Trouble in Paradise,1932,https://boxd.it/5h45zh,4,,,2023-11-18
2023-12-05,Perfect Days,2023,https://boxd.it/5h45AJ,4,,,2023-11-18
2023-12-05,Rocky Aur Rani Kii Prem Kahaani,2023,https://boxd.it/5h45r3,3.5,,,2023-11-23
2023-12-05,All of Us Strangers,2023,https://boxd.it/5h45xZ,4,,,2023-11-24
2023-12-05,About Dry Grasses,2023,https://boxd.it/5h45nb,4.5,,,2023-11-26
2023-11-29,The Holy Mountain,1973,https://boxd.it/5eRuo5,5,Yes,,2023-11-28
2023-12-05,Schindler's List,1993,https://boxd.it/5h45fh,5,,,2023-11-30
2023-12-05,The Holdovers,2023,https://boxd.it/5h45pV,4,,,2023-12-01
2023-12-05,May December,2023,https://boxd.it/5h45oj,4.5,,,2023-12-03
2023-12-05,Landscapes and Figures,2002,https://boxd.it/5h3WXT,5,,,2023-12-05
2023-12-26,Meeting the Man: James Baldwin in Paris,1970,https://boxd.it/5oFI3L,4,,,2023-12-09
2023-12-26,Mysterious Skin,2004,https://boxd.it/5oFHYL,4,,,2023-12-10
2023-12-26,Shadows in Paradise,1986,https://boxd.it/5oFIRB,4,,,2023-12-11
2023-12-26,Ariel,1988,https://boxd.it/5oFIT3,3.5,,,2023-12-11
2023-12-26,My Night at Maud's,1969,https://boxd.it/5oFIu3,5,,,2023-12-12
2023-12-26,Werckmeister Harmonies,2000,https://boxd.it/5oFHLn,4,,,2023-12-15
2023-12-26,A Single Man,2009,https://boxd.it/5oFHlT,3.5,,,2023-12-19
2023-12-26,Heat,1995,https://boxd.it/5oFH8P,4,,,2023-12-21
2023-12-26,Day for Night,1973,https://boxd.it/5oFIyp,4.5,,,2023-12-23
2023-12-26,Tokyo Godfathers,2003,https://boxd.it/5oFI11,4,,,2023-12-24
2023-12-26,Fallen Leaves,2023,https://boxd.it/5oFHEr,3.5,,,2023-12-25
2024-03-15,How to Have Sex,2023,https://boxd.it/63crSN,3,,,2024-01-01
2024-03-15,La Belle Noiseuse,1991,https://boxd.it/63cqNd,4,,,2024-01-03
2024-03-15,12th Fail,2023,https://boxd.it/63crUz,4,,,2024-01-06
2024-03-15,The Boy and the Heron,2023,https://boxd.it/63csvl,4.5,,,2024-01-07
2024-01-10,VOLCANO,2023,https://boxd.it/5yc8Mx,,,,2024-01-10
2024-03-15,In the Name of God,1992,https://boxd.it/63cr5L,5,,,2024-01-14
2024-03-15,Poor Things,2023,https://boxd.it/63cryN,4,,,2024-01-18
2024-03-15,The Purple Rose of Cairo,1985,https://boxd.it/63csIz,3.5,,,2024-01-19
2024-03-15,La Chimera,2023,https://boxd.it/63crz7,4.5,,,2024-02-02
2024-03-15,Interstella 5555: The 5tory of the 5ecret 5tar 5ystem,2003,https://boxd.it/63cs8r,4,,,2024-02-13
2024-03-15,Italianamerican,1974,https://boxd.it/63csyp,4,,,2024-02-24
2024-03-15,The Great Beauty,2013,https://boxd.it/63crSX,3,,,2024-03-03
2024-03-15,The Taste of Things,2023,https://boxd.it/63crM1,4,,,2024-03-04
2024-03-15,Dune: Part Two,2024,https://boxd.it/63crE7,4,,,2024-03-05
2024-03-15,Love Meetings,1964,https://boxd.it/63csqF,3.5,,,2024-03-08
2024-03-15,Robot Dreams,2023,https://boxd.it/63crwR,4,,,2024-03-09
2024-03-15,Last Year at Marienbad,1961,https://boxd.it/63csnr,4.5,,,2024-03-14
2024-04-19,Koyaanisqatsi,1982,https://boxd.it/6iXLI3,3.5,,,2024-03-17
2024-04-19,Sans Soleil,1983,https://boxd.it/6iXM6J,4,,,2024-03-23
2024-04-19,"The Devil, Probably",1977,https://boxd.it/6iXMmd,4,,,2024-03-24
2024-04-19,Blade Runner 2049,2017,https://boxd.it/6iXMEL,3.5,,,2024-03-26
2024-04-19,"Night Is Short, Walk On Girl",2017,https://boxd.it/6iXMTh,4,,,2024-03-29
2024-04-19,Landscape in the Mist,1988,https://boxd.it/6iXNax,4.5,,,2024-03-31
2024-04-19,Ben-Hur,1959,https://boxd.it/6iXNC7,4,,,2024-03-31
2024-04-09,Nirvana: Unplugged In New York,1993,https://boxd.it/6fc4WF,5,,,2024-04-09
2024-04-19,"Menus-Plaisirs, les Troisgros",2023,https://boxd.it/6iXNRV,4.5,,,2024-04-11
2024-04-19,The Human Condition I: No Greater Love,1959,https://boxd.it/6iXO3n,4,,,2024-04-13
2024-04-19,Lawrence of Arabia,1962,https://boxd.it/6iXOjb,5,,,2024-04-14
2024-04-19,The Human Condition II: Road to Eternity,1959,https://boxd.it/6iXOwT,4.5,,,2024-04-16
2024-04-19,The Human Condition III: A Soldier's Prayer,1961,https://boxd.it/6iXOSb,4.5,,,2024-04-18
2024-04-20,Himiko,1974,https://boxd.it/6jjYll,4,,,2024-04-20
2024-04-22,Sicily!,1999,https://boxd.it/6jQEXP,4,,,2024-04-21
2024-04-26,Casino Royale,2006,https://boxd.it/6luHEl,2.5,,,2024-04-25
2024-04-28,Challengers,2024,https://boxd.it/6meaNB,4.5,,,2024-04-27
2024-05-02,Branded to Kill,1967,https://boxd.it/6nYHCn,3.5,,,2024-05-01
2024-05-04,Godzilla Minus One,2023,https://boxd.it/6oSweB,3.5,,,2024-05-03
2024-05-04,Ali: Fear Eats the Soul,1974,https://boxd.it/6paL2B,4,,,2024-05-04
2024-05-05,Dear Diary,1993,https://boxd.it/6pIVwT,4.5,,,2024-05-05
2024-05-09,Millennium Mambo,2001,https://boxd.it/6rkvyf,3.5,,,2024-05-09
2024-05-13,Sicario,2015,https://boxd.it/6sAoUT,3.5,,,2024-05-12
2024-05-18,Scary Movie,2000,https://boxd.it/6uvxlL,3,,,2024-05-17
2024-05-18,Scary Movie 3,2003,https://boxd.it/6uxB7n,2.5,,,2024-05-17
2024-05-24,The Devils,1971,https://boxd.it/6x0Vlb,5,,,2024-05-23
2024-05-25,Apocalypse Now,1979,https://boxd.it/6xqxLr,4.5,Yes,,2024-05-24
2024-05-31,Samuel,2024,https://boxd.it/6zTfbV,5,,,2024-05-30
2024-05-31,Love Hotel,1985,https://boxd.it/6zYGO1,4,,,2024-05-30
2024-06-03,Nomad,1982,https://boxd.it/6BcYrh,3.5,,,2024-06-02
2024-06-11,Gilles Deleuze from A to Z,1995,https://boxd.it/6EyGGf,,,,2024-06-10
2024-06-16,Chime,2024,https://boxd.it/6Gnkpx,3.5,,,2024-06-15
2024-06-18,My Afternoons with Margueritte,2010,https://boxd.it/6HeHnZ,2,,,2024-06-17
2024-06-19,Óbur,2024,https://boxd.it/6HQAVr,,,,2024-06-19
2024-07-05,Ways of Seeing,1972,https://boxd.it/6NXLwZ,,,,2024-07-04
2024-07-10,Ennio,2021,https://boxd.it/6QxCal,,,,2024-07-10
2024-08-01,Thelma,2024,https://boxd.it/709tkt,3,,,2024-07-31
2024-08-18,A Day in the Country,1946,https://boxd.it/77Ub9J,4,,,2024-08-18
2024-08-19,Louis Lumière,1968,https://boxd.it/78vdwT,,,,2024-08-19
2024-08-22,Furiosa: A Mad Max Saga,2024,https://boxd.it/79t7Bj,4,,,2024-08-21
2024-08-23,Scavengers Reign,2023,https://boxd.it/79VYMZ,,,,2024-08-22
2024-08-23,Rendezvous in Paris,1995,https://boxd.it/79YgED,3,,,2024-08-22
2024-08-24,Friday Night,2002,https://boxd.it/7aFd49,2.5,,,2024-08-24
2024-08-26,De Humani Corporis Fabrica,2022,https://boxd.it/7bifOV,,,,2024-08-25
2024-08-26,Climax,2018,https://boxd.it/7bMfur,3.5,,,2024-08-26
2024-09-02,The Mother and the Whore,1973,https://boxd.it/7eGIif,4.5,,,2024-09-01
2024-09-09,The Count of Monte Cristo,2024,https://boxd.it/7i1ptH,3.5,,,2024-09-08
2024-09-12,Night and Fog,1956,https://boxd.it/7j617V,,,,2024-09-11
2024-09-13,All That Jazz,1979,https://boxd.it/7jsBkP,4.5,,,2024-09-12
2024-09-14,8½,1963,https://boxd.it/7jWrBh,4.5,,,2024-09-13
2024-09-23,Rocco and His Brothers,1960,https://boxd.it/7o8qc1,4,,,2024-09-22
2024-09-29,Life Is Sweet,1990,https://boxd.it/7qp2ct,4,,,2024-09-28
2024-10-05,La Cérémonie,1995,https://boxd.it/7tlDsR,4,,,2024-10-04
2024-10-06,The Wind Will Carry Us,1999,https://boxd.it/7tJRc7,3.5,,,2024-10-05
2024-10-11,The Wild Robot,2024,https://boxd.it/7wgQVT,4.5,,,2024-10-10
2024-10-12,Seduced and Abandoned,1964,https://boxd.it/7wIVGl,4,,,2024-10-11
2024-10-13,All We Imagine as Light,2024,https://boxd.it/7xh2JT,4.5,,,2024-10-12
2024-10-16,The Substance,2024,https://boxd.it/7yLsg3,3.5,,,2024-10-15
2024-10-24,Paris Je T'aime,2006,https://boxd.it/7Dd2TP,3,,,2024-10-24
2024-11-01,Anora,2024,https://boxd.it/7GZHpf,4.5,,,2024-10-31
2024-11-03,The Hourglass Sanatorium,1973,https://boxd.it/7IcrgL,4.5,,,2024-11-02
2024-11-09,Look Back,2024,https://boxd.it/7Lrly7,3.5,,,2024-11-09
2024-11-10,Thief,1981,https://boxd.it/7LH4vx,4.5,,,2024-11-09
2024-11-15,Bram Stoker's Dracula,1992,https://boxd.it/7O521h,3.5,,,2024-11-14
2024-11-15,Beating Hearts,2024,https://boxd.it/7OfPu3,3,,,2024-11-14
2024-11-29,The Koumiko Mystery,1965,https://boxd.it/7V85Rz,3.5,,,2024-11-28
2024-11-30,Symbiopsychotaxiplasm: Take One,1971,https://boxd.it/7VzG99,4,,,2024-11-29
2024-12-02,Before Sunrise,1995,https://boxd.it/7WOsIX,4.5,Yes,,2024-12-01
2024-12-02,Before Sunset,2004,https://boxd.it/7WRp55,5,Yes,,2024-12-01
2024-12-02,Before Midnight,2013,https://boxd.it/7WXJJh,4.5,Yes,,2024-12-01
2024-12-04,Nosferatu the Vampyre,1979,https://boxd.it/7XZgSn,4,,,2024-12-03
2024-12-13,The Master,2012,https://boxd.it/82hXaZ,4,,,2024-12-12
2024-12-21,Nosferatu,2024,https://boxd.it/86BHxf,3,,,2024-12-20
2024-12-30,Cure,1997,https://boxd.it/8dw681,5,,,2024-12-29
2025-01-02,It's Not Me,2024,https://boxd.it/8g9dpz,,,,2025-01-01
2025-01-02,Vampyros Lesbos,1971,https://boxd.it/8gE1BF,,,,2025-01-02
2025-01-04,Man with a Movie Camera,1929,https://boxd.it/8ikvn7,5,,,2025-01-03
2025-01-04,Simon of the Desert,1965,https://boxd.it/8iK0gL,3.5,,,2025-01-04
2025-01-05,Pink Floyd: Live at Pompeii,1972,https://boxd.it/8jQJ4h,,,,2025-01-05
2025-01-06,Decalogue VII,1989,https://boxd.it/8kZUyz,3.5,,,2025-01-06
2025-01-07,Angel's Egg,1985,https://boxd.it/8lWpbn,4,,,2025-01-07
2025-01-11,Aka Ana,2008,https://boxd.it/8pGzzj,,,,2025-01-10
2025-01-16,"I Was Born, But...",1932,https://boxd.it/8ucHDN,4,,,2025-01-15
2025-01-18,La Dolce Vita,1960,https://boxd.it/8vDICp,4.5,,,2025-01-17
2025-01-19,An Autumn Afternoon,1962,https://boxd.it/8wBmw5,4,,,2025-01-18
2025-01-20,Voyage in Time,1983,https://boxd.it/8xqCib,,,,2025-01-19
2025-01-23,Wild at Heart,1990,https://boxd.it/8zNsvD,3.5,,,2025-01-22
2025-01-25,He Who Gets Slapped,1924,https://boxd.it/8B7t2V,4.5,,,2025-01-24
2025-01-26,Björk: Cornucopia,2025,https://boxd.it/8BTvLf,,,,2025-01-25
2025-01-28,Blood Wedding,1981,https://boxd.it/8DCBd3,4,,,2025-01-27
2025-01-29,The Hypothesis of the Stolen Painting,1978,https://boxd.it/8EjxBh,4,,,2025-01-28
2025-01-30,Double Labyrinthe,1976,https://boxd.it/8F2iVB,,,,2025-01-29
2025-02-06,A Gentle Woman,1969,https://boxd.it/8K0d4D,3.5,,,2025-02-05
2025-02-20,The Brutalist,2024,https://boxd.it/8TAtNR,3.5,,,2025-02-20
2025-02-23,The Gorge,2025,https://boxd.it/8V8U2F,1.5,,,2025-02-23
2025-03-02,"His Motorbike, Her Island",1986,https://boxd.it/8ZyZO3,4,,,2025-03-01
2025-03-03,"Birds, Orphans and Fools",1969,https://boxd.it/905xmr,3.5,,,2025-03-02
2025-03-07,Chaar Phool Hain Aur Duniya Hai,2024,https://boxd.it/92Lwph,,,,2025-03-06
2025-04-05,Ninotchka,1939,https://boxd.it/9jBD57,3.5,,,2025-04-04
2025-04-17,The Hangover,2009,https://boxd.it/9qrzbN,2.5,,,2025-04-16
2025-04-19,Black Mirror: Eulogy,2025,https://boxd.it/9rwGVx,3.5,,,2025-04-18
2025-04-22,Café Flesh,1982,https://boxd.it/9tJvuJ,3.5,,,2025-04-21
2025-04-22,Conclave,2024,https://boxd.it/9tPnrJ,3.5,,,2025-04-21
2025-04-26,Sun and Concrete,2023,https://boxd.it/9wdVWR,3.5,,,2025-04-26
2025-05-04,Souleymane's Story,2024,https://boxd.it/9AECyr,4,,,2025-05-03
2025-05-11,Kaili Blues,2015,https://boxd.it/9Fjc1p,4.5,,,2025-05-11
2025-05-25,The Color of Pomegranates,1969,https://boxd.it/9NsvAD,4,,,2025-05-25
2025-05-28,Happyend,2024,https://boxd.it/9P9eQp,4.5,,,2025-05-27
2025-05-30,Drifting Clouds,1996,https://boxd.it/9QaZVd,4,,,2025-05-29
2025-05-31,Songs from the Second Floor,2000,https://boxd.it/9RiCh5,4,,,2025-05-31
2025-06-08,Sinners,2025,https://boxd.it/9VTm53,3.5,,,2025-06-07
2025-06-12,Ocean with David Attenborough,2025,https://boxd.it/9Yk9Lx,,,,2025-06-11
2025-06-22,Brideshead Revisited,1981,https://boxd.it/a4vucf,,,,2025-06-21
2025-06-28,Marina Abramović: The Artist Is Present,2012,https://boxd.it/a8MvEJ,,,,2025-06-27
2025-06-29,Om Dar-B-Dar,1988,https://boxd.it/a9OmGz,3.5,,,2025-06-29
2025-07-12,"The Story of ""Scénario""",2025,https://boxd.it/aiwdBP,,,,2025-07-11
2025-07-19,Pride and Prejudice,1995,https://boxd.it/aofPkx,4,,,2025-07-19
2025-07-24,I'm Not Everything I Want to Be,2024,https://boxd.it/asnp8x,,,,2025-07-24
2025-07-27,Mysteries of Lisbon,2010,https://boxd.it/auSIa3,4.5,,,2025-07-27
2025-08-14,Ninja Assassin,2009,https://boxd.it/aIEAlZ,2,,,2025-08-13
2025-08-16,The Naked Gun: From the Files of Police Squad!,1988,https://boxd.it/aJS5pX,3,,,2025-08-15
2025-08-26,Phir Hera Pheri,2006,https://boxd.it/aRyyGb,2,,,2025-08-25
2025-08-31,Neon Genesis Evangelion,1995,https://boxd.it/aUETkf,,,,2025-08-30
2025-08-31,Neon Genesis Evangelion: The End of Evangelion,1997,https://boxd.it/aVbp3f,5,,,2025-08-31
2025-09-18,Crash,1996,https://boxd.it/b6gsJ3,3.5,,,2025-09-17
2025-09-25,One Battle After Another,2025,https://boxd.it/barUmf,4,,,2025-09-24
2025-09-27,Pulse,2001,https://boxd.it/bbPOuT,4.5,,,2025-09-27
2025-09-28,Everyone Else,2009,https://boxd.it/bbZv6j,4,,,2025-09-27
2025-10-14,Who's Afraid of Virginia Woolf?,1966,https://boxd.it/bmtv3f,4,,,2025-10-13
2025-10-19,Mr. Scorsese,2025,https://boxd.it/bpfN79,,,,2025-10-18
2025-11-16,It Was Just an Accident,2025,https://boxd.it/bISYQ9,4,,,2025-11-15
2025-11-23,No Other Choice,2025,https://boxd.it/bNJ7oX,4.5,,,2025-11-22
2025-11-24,Homebound,2025,https://boxd.it/bOoI77,4,,,2025-11-23
2025-11-29,Bugonia,2025,https://boxd.it/bRMTB3,3.5,,,2025-11-28
2025-12-06,Anatomy of Hell,2004,https://boxd.it/bWvC2h,,,,2025-12-05
2025-12-08,Sentimental Value,2025,https://boxd.it/bYbpH5,4,,,2025-12-07
2025-12-21,Sidewalls,2011,https://boxd.it/c8KlO7,3.5,,,2025-12-20
2025-12-22,Tatsuki Fujimoto 17-26,2025,https://boxd.it/c9rE3b,4,,,2025-12-21
2025-12-23,Romance,1999,https://boxd.it/caLd9v,,,,2025-12-22
2025-12-23,Tony Takitani,2004,https://boxd.it/caTKtJ,3.5,,,2025-12-22
2025-12-24,The Match Factory Girl,1990,https://boxd.it/cc0DSF,3,,,2025-12-23
2025-12-24,"Dearest Relatives, Poisonous Relations",1992,https://boxd.it/ccJrm3,3.5,,,2025-12-24
2025-12-26,Tokyo Story,1953,https://boxd.it/cdSyRp,4.5,,,2025-12-25
2025-12-27,Mirror,1975,https://boxd.it/cf89z7,4.5,,,2025-12-26
2025-12-28,Ordet,1955,https://boxd.it/cgih2J,4,,,2025-12-27
2025-12-29,Eternity and a Day,1998,https://boxd.it/chxFlz,5,,,2025-12-28
2025-12-29,Voices Through Time,1996,https://boxd.it/ciKOOF,4,,,2025-12-29
2025-12-30,Toby Dammit,1968,https://boxd.it/cjpuVt,4,,,2025-12-30
2025-12-31,The Addiction,1995,https://boxd.it/ckEvop,3.5,,,2025-12-31
2026-01-05,Soldiers of Light,2025,https://boxd.it/crRB9z,,,,2026-01-04
2026-01-05,The Opening of Misty Beethoven,1976,https://boxd.it/cs0Yw5,3,,,2026-01-04
2026-01-06,Reflection in a Dead Diamond,2025,https://boxd.it/csPwK1,3.5,,,2026-01-05
2026-01-10,Damnation,1988,https://boxd.it/cxH5oL,4,,,2026-01-09
2026-01-12,Landscape Suicide,1986,https://boxd.it/cA4I29,4,,,2026-01-11
2026-01-18,Shortbus,2006,https://boxd.it/cGGKmZ,3,,,2026-01-17
2026-01-24,Afire,2023,https://boxd.it/cMLPhf,3.5,,,2026-01-23
2026-01-25,Exotica,1994,https://boxd.it/cOy02b,3.5,,,2026-01-25
2026-02-01,The Idiots,1998,https://boxd.it/cVpWNT,4,,,2026-01-31
2026-02-08,Wild London,2026,https://boxd.it/d1Nmft,,,,2026-02-07
2026-02-10,Hamnet,2025,https://boxd.it/d48F4J,3.5,,,2026-02-09
2026-02-12,Marty Supreme,2025,https://boxd.it/d5FbEx,4,,,2026-02-11
2026-02-16,Van Gogh,1991,https://boxd.it/d9csrN,3.5,,,2026-02-15
2026-02-20,The Wayward Cloud,2005,https://boxd.it/dd0E8b,4.5,,,2026-02-19
2026-03-02,Satantango,1994,https://boxd.it/dm6ZiT,,,,2026-03-01
2026-03-04,Hail Mary,1985,https://boxd.it/dnSq1t,3.5,,,2026-03-03
2026-03-14,Love − Zero = Infinity,1994,https://boxd.it/dvUAA5,,,,2026-03-14
2026-03-15,Calendar,1993,https://boxd.it/dw10aT,4,,,2026-03-14
2026-03-16,The Doom Generation,1995,https://boxd.it/dx91uv,2.5,,,2026-03-15
2026-03-21,The Adjuster,1991,https://boxd.it/dBybsF,3,,,2026-03-21
2026-03-27,Liza,1972,https://boxd.it/dH3YUF,1,,,2026-03-26
2026-03-29,Spring Breakers,2012,https://boxd.it/dIvmd9,3,,,2026-03-28
2026-03-29,Blow-Up,1966,https://boxd.it/dIDsxZ,3,,,2026-03-28
2026-04-05,The Beast,2023,https://boxd.it/dPe3MD,5,,,2026-04-04
2026-04-06,Resurrection,2025,https://boxd.it/dRthFz,4,,,2026-04-06
2026-04-11,Love,2015,https://boxd.it/dVDhUb,2.5,,,2026-04-11
2026-04-19,Junun,2015,https://boxd.it/e1xFCd,,,,2026-04-18
2026-04-20,Summer with Monika,1953,https://boxd.it/e2i6P1,3.5,,,2026-04-19
2026-05-03,The Devil Wears Prada 2,2026,https://boxd.it/ecSBdz,2,,,2026-05-02
2026-05-19,Julien Donkey-Boy,1999,https://boxd.it/eqsTuH,3.5,,,2026-05-19
2026-05-20,The Tall T,1957,https://boxd.it/eqw9jL,4,,,2026-05-19
2026-05-31,Chikan densha: Iyarashii kôi,1993,https://boxd.it/ezI7ez,,,,2026-05-30
2026-05-31,What is the Act of Creation?,1987,https://boxd.it/eAkRl3,,,,2026-05-31
2026-06-03,First Reformed,2017,https://boxd.it/eCII9t,4.5,,,2026-06-02
2026-06-05,"Two Seasons, Two Strangers",2025,https://boxd.it/eE1GkV,2.5,,,2026-06-04
2026-06-05,1st Kiss,2025,https://boxd.it/eEjh2j,4,,,2026-06-04
2026-06-08,I'm Almost Not Crazy: John Cassavetes — The Man and His Work,1984,https://boxd.it/eGV4g7,,,,2026-06-07
2026-06-12,Kiss,1963,https://boxd.it/eKrIiN,,,,2026-06-11
2026-06-13,"Wildwood, NJ",1994,https://boxd.it/eLrfxN,,,,2026-06-12
2026-06-14,Futura,2021,https://boxd.it/eMK3zp,,,,2026-06-14
2026-07-02,While We Watched,2022,https://boxd.it/f2zgKn,,,,2026-07-02
2026-07-03,Obsession,2025,https://boxd.it/f3tlFz,3.5,,,2026-07-03
2026-07-05,Orgasm: Mariko,1985,https://boxd.it/f5dysJ,,,,2026-07-04
2026-07-06,Travolta and Me,1993,https://boxd.it/f5JplN,4,,,2026-07-05
2026-07-06,All the Beauty and the Bloodshed,2022,https://boxd.it/f6EnKF,,,,2026-07-06
2026-07-07,The Chomsky - Foucault Debate: On Human Nature,1971,https://boxd.it/f7vvVn,,,,2026-07-07
2026-07-08,Grass Labyrinth,1979,https://boxd.it/f8mSmr,4,,,2026-07-08
2026-07-10,El Sur,1983,https://boxd.it/f9AzGT,4.5,,,2026-07-09
2026-07-10,The Chess Players,1977,https://boxd.it/falJZ1,3.5,,,2026-07-10
2026-07-12,Taipei Suicide Story,2020,https://boxd.it/fbyslj,3.5,,,2026-07-11
2026-07-13,Sparsh,1980,https://boxd.it/fctChP,3.5,,,2026-07-12
2026-07-14,The Social Life of Small Urban Spaces,1980,https://boxd.it/feogC5,,,,2026-07-14
2026-07-14,Kaagaz Ke Phool,1959,https://boxd.it/feryqn,3.5,,,2026-07-14
2026-07-27,"Music, Fashion, Film",2026,https://boxd.it/ft9N2p,,,,2026-07-27
2026-08-03,The Odyssey,2026,https://boxd.it/fBixkx,4,,,2026-08-02
2026-08-08,One Day,2024,https://boxd.it/fHt6O7,,,,2026-08-07
2026-08-10,Spider-Man: Brand New Day,2026,https://boxd.it/fJOsf9,3,,,2026-08-09
